srr,srr_alias,srx,paired,spots,spots_with_mate,avgLength,srx_alias,srx_title,study_title,sample_alias,lib_layout,lib_name,lib_selection,lib_source,lib_strategy
SRR912679,CML325_15DAP_RNA,SRX311340,TRUE,40689682,40689682,200,CML325_15DAP_RNA,Maize CML325 kernel RNA-seq,Zea mays Variation,CML325,,,RANDOM,TRANSCRIPTOMIC,RNA-Seq
SRR912538,CIMBL83_15DAP_RNA,SRX311281,TRUE,32962163,32962163,200,CIMBL83_15DAP_RNA,Maize CIMBL83 kernel RNA-seq,Zea mays Variation,CIMBL83,,,RANDOM,TRANSCRIPTOMIC,RNA-Seq
SRR912428,M97_15DAP_RNA,SRX311238,TRUE,31747782,31747782,200,M97_15DAP_RNA,Maize M97 kernel RNA-seq,Zea mays Variation,M97,,,RANDOM,TRANSCRIPTOMIC,RNA-Seq
SRR912162,GEMS59_15DAP_RNA,SRX311154,TRUE,30107588,30107588,200,GEMS59_15DAP_RNA,Maize GEMS59 kernel RNA-seq,Zea mays Variation,GEMS59,,,RANDOM,TRANSCRIPTOMIC,RNA-Seq
SRR912134,GEMS55_15DAP_RNA,SRX311142,TRUE,31887531,31887531,200,GEMS55_15DAP_RNA,Maize GEMS55 kernel RNA-seq,Zea mays Variation,GEMS55,,,RANDOM,TRANSCRIPTOMIC,RNA-Seq
SRR912045,CIMBL42_15DAP_RNA,SRX311110,TRUE,30254121,30254121,200,CIMBL42_15DAP_RNA,Maize CIMBL42 kernel RNA-seq,Zea mays Variation,CIMBL42,,,RANDOM,TRANSCRIPTOMIC,RNA-Seq
SRR913041,ZZ03_15DAP_RNA,SRX311478,TRUE,32322667,32322667,180,ZZ03_15DAP_RNA,Maize ZZ03 kernel RNA-seq,Zea mays Variation,ZZ03,,,RANDOM,TRANSCRIPTOMIC,RNA-Seq
SRR913040,ZZ01_15DAP_RNA,SRX311474,TRUE,34911221,34911221,180,ZZ01_15DAP_RNA,Maize ZZ01 kernel RNA-seq,Zea mays Variation,ZZ01,,,RANDOM,TRANSCRIPTOMIC,RNA-Seq
SRR913016,ZONG31_15DAP_RNA,SRX311473,TRUE,38761945,38761945,180,ZONG31_15DAP_RNA,Maize ZONG31 kernel RNA-seq,Zea mays Variation,ZONG31,,,RANDOM,TRANSCRIPTOMIC,RNA-Seq
SRR913015,YU374_15DAP_RNA,SRX311472,TRUE,37533373,37533373,180,YU374_15DAP_RNA,Maize YU374 kernel RNA-seq,Zea mays Variation,YU374,,,RANDOM,TRANSCRIPTOMIC,RNA-Seq
SRR913014,ZHONG69_15DAP_RNA,SRX311469,TRUE,36342340,36342340,180,ZHONG69_15DAP_RNA,Maize ZHONG69 kernel RNA-seq,Zea mays Variation,ZHONG69,,,RANDOM,TRANSCRIPTOMIC,RNA-Seq
SRR913009,YE8001_15DAP_RNA,SRX311468,TRUE,43262288,43262288,180,YE8001_15DAP_RNA,Maize YE8001 kernel RNA-seq,Zea mays Variation,YE8001,,,RANDOM,TRANSCRIPTOMIC,RNA-Seq
SRR913008,ZHI41_15DAP_RNA,SRX311467,TRUE,24669933,24669933,180,ZHI41_15DAP_RNA,Maize ZHI41 kernel RNA-seq,Zea mays Variation,ZHI41,,,RANDOM,TRANSCRIPTOMIC,RNA-Seq
SRR913006,YE52106_15DAP_RNA,SRX311466,TRUE,36245188,36245188,180,YE52106_15DAP_RNA,Maize YE52106 kernel RNA-seq,Zea mays Variation,YE52106,,,RANDOM,TRANSCRIPTOMIC,RNA-Seq
SRR912987,ZHENG653_15DAP_RNA,SRX311462,TRUE,41712624,41712624,180,ZHENG653_15DAP_RNA,Maize ZHENG653 kernel RNA-seq,Zea mays Variation,ZHENG653,,,RANDOM,TRANSCRIPTOMIC,RNA-Seq
SRR912986,YE515_15DAP_RNA,SRX311461,TRUE,40035954,40035954,180,YE515_15DAP_RNA,Maize YE515 kernel RNA-seq,Zea mays Variation,YE515,,,RANDOM,TRANSCRIPTOMIC,RNA-Seq
SRR912985,YE478_15DAP_RNA,SRX311460,TRUE,32455177,32455177,180,YE478_15DAP_RNA,Maize YE478 kernel RNA-seq,Zea mays Variation,YE478,,,RANDOM,TRANSCRIPTOMIC,RNA-Seq
SRR912984,ZHENG35_15DAP_RNA,SRX311458,TRUE,28733338,28733338,180,ZHENG35_15DAP_RNA,Maize ZHENG35 kernel RNA-seq,Zea mays Variation,ZHENG35,,,RANDOM,TRANSCRIPTOMIC,RNA-Seq
SRR912983,XZ698_15DAP_RNA,SRX311455,TRUE,13266215,13266215,180,XZ698_15DAP_RNA,Maize XZ698 kernel RNA-seq,Zea mays Variation,XZ698,,,RANDOM,TRANSCRIPTOMIC,RNA-Seq
SRR912965,ZHENG32_15DAP_RNA,SRX311454,TRUE,30088546,30088546,180,ZHENG32_15DAP_RNA,Maize ZHENG32 kernel RNA-seq,Zea mays Variation,ZHENG32,,,RANDOM,TRANSCRIPTOMIC,RNA-Seq
SRR912964,XUN971_15DAP_RNA,SRX311453,TRUE,32502783,32502783,180,XUN971_15DAP_RNA,Maize XUN971 kernel RNA-seq,Zea mays Variation,XUN971,,,RANDOM,TRANSCRIPTOMIC,RNA-Seq
SRR912963,ZHENG30_15DAP_RNA,SRX311451,TRUE,34368428,34368428,180,ZHENG30_15DAP_RNA,Maize ZHENG30 kernel RNA-seq,Zea mays Variation,ZHENG30,,,RANDOM,TRANSCRIPTOMIC,RNA-Seq
SRR912962,XI502_15DAP_RNA,SRX311450,TRUE,27205761,27205761,180,XI502_15DAP_RNA,Maize XI502 kernel RNA-seq,Zea mays Variation,XI502,,,RANDOM,TRANSCRIPTOMIC,RNA-Seq
SRR912960,WU109_15DAP_RNA,SRX311448,TRUE,40583116,40583116,180,WU109_15DAP_RNA,Maize WU109 kernel RNA-seq,Zea mays Variation,WU109,,,RANDOM,TRANSCRIPTOMIC,RNA-Seq
SRR912958,WH413_15DAP_RNA,SRX311446,TRUE,42767338,42767338,180,WH413_15DAP_RNA,Maize WH413 kernel RNA-seq,Zea mays Variation,WH413,,,RANDOM,TRANSCRIPTOMIC,RNA-Seq
SRR912955,W138_15DAP_RNA,SRX311444,TRUE,30702487,30702487,180,W138_15DAP_RNA,Maize W138 kernel RNA-seq,Zea mays Variation,W138,,,RANDOM,TRANSCRIPTOMIC,RNA-Seq
SRR912954,CML323_15DAP_RNA,SRX311434,TRUE,37303565,37303565,180,CML323_15DAP_RNA,Maize CML323 kernel RNA-seq,Zea mays Variation,CML323,,,RANDOM,TRANSCRIPTOMIC,RNA-Seq
SRR912952,ZHENG29_15DAP_RNA,SRX311433,TRUE,37777890,37777890,180,ZHENG29_15DAP_RNA,Maize ZHENG29 kernel RNA-seq,Zea mays Variation,ZHENG29,,,RANDOM,TRANSCRIPTOMIC,RNA-Seq
SRR912893,U8112_15DAP_RNA,SRX311431,TRUE,39906836,39906836,180,U8112_15DAP_RNA,Maize U8112 kernel RNA-seq,Zea mays Variation,U8112,,,RANDOM,TRANSCRIPTOMIC,RNA-Seq
SRR912892,ZHENG28_15DAP_RNA,SRX311430,TRUE,30557361,30557361,180,ZHENG28_15DAP_RNA,Maize ZHENG28 kernel RNA-seq,Zea mays Variation,ZHENG28,,,RANDOM,TRANSCRIPTOMIC,RNA-Seq
SRR912891,CML32_15DAP_RNA,SRX311429,TRUE,31406017,31406017,180,CML32_15DAP_RNA,Maize CML32 kernel RNA-seq,Zea mays Variation,CML32,,,RANDOM,TRANSCRIPTOMIC,RNA-Seq
SRR912889,TY6_15DAP_RNA,SRX311427,TRUE,36022481,36022481,180,TY6_15DAP_RNA,Maize TY6 kernel RNA-seq,Zea mays Variation,TY6,,,RANDOM,TRANSCRIPTOMIC,RNA-Seq
SRR912888,CML31_15DAP_RNA,SRX311424,TRUE,32776695,32776695,180,CML31_15DAP_RNA,Maize CML31 kernel RNA-seq,Zea mays Variation,CML31,,,RANDOM,TRANSCRIPTOMIC,RNA-Seq
SRR912887,ZH68_15DAP_RNA,SRX311423,TRUE,30715946,30715946,180,ZH68_15DAP_RNA,Maize ZH68 kernel RNA-seq,Zea mays Variation,ZH68,,,RANDOM,TRANSCRIPTOMIC,RNA-Seq
SRR912881,CML304_15DAP_RNA,SRX311422,TRUE,42695674,42695674,180,CML304_15DAP_RNA,Maize CML304 kernel RNA-seq,Zea mays Variation,CML304,,,RANDOM,TRANSCRIPTOMIC,RNA-Seq
SRR912882,TY5_15DAP_RNA,SRX311421,TRUE,27248388,27248388,180,TY5_15DAP_RNA,Maize TY5 kernel RNA-seq,Zea mays Variation,TY5,,,RANDOM,TRANSCRIPTOMIC,RNA-Seq
SRR912879,ZB648_15DAP_RNA,SRX311420,TRUE,36878618,36878618,180,ZB648_15DAP_RNA,Maize ZB648 kernel RNA-seq,Zea mays Variation,ZB648,,,RANDOM,TRANSCRIPTOMIC,RNA-Seq
SRR912878,CML298_15DAP_RNA,SRX311419,TRUE,31853565,31853565,180,CML298_15DAP_RNA,Maize CML298 kernel RNA-seq,Zea mays Variation,CML298,,,RANDOM,TRANSCRIPTOMIC,RNA-Seq
SRR912877,TY4_15DAP_RNA,SRX311418,TRUE,35028176,35028176,180,TY4_15DAP_RNA,Maize TY4 kernel RNA-seq,Zea mays Variation,TY4,,,RANDOM,TRANSCRIPTOMIC,RNA-Seq
SRR912875,CML290_15DAP_RNA,SRX311413,TRUE,40552647,40552647,180,CML290_15DAP_RNA,Maize CML290 kernel RNA-seq,Zea mays Variation,CML290,,,RANDOM,TRANSCRIPTOMIC,RNA-Seq
SRR912876,ZAC546_15DAP_RNA,SRX311412,TRUE,35222975,35222975,180,ZAC546_15DAP_RNA,Maize ZAC546 kernel RNA-seq,Zea mays Variation,ZAC546,,,RANDOM,TRANSCRIPTOMIC,RNA-Seq
SRR912856,TY3_15DAP_RNA,SRX311411,TRUE,38354283,38354283,180,TY3_15DAP_RNA,Maize TY3 kernel RNA-seq,Zea mays Variation,TY3,,,RANDOM,TRANSCRIPTOMIC,RNA-Seq
SRR912855,CML20_15DAP_RNA,SRX311410,TRUE,34754781,34754781,180,CML20_15DAP_RNA,Maize CML20 kernel RNA-seq,Zea mays Variation,CML20,,,RANDOM,TRANSCRIPTOMIC,RNA-Seq
SRR912853,CML192_15DAP_RNA,SRX311409,TRUE,38969610,38969610,180,CML192_15DAP_RNA,Maize CML192 kernel RNA-seq,Zea mays Variation,CML192,,,RANDOM,TRANSCRIPTOMIC,RNA-Seq
SRR912854,Z2018F_15DAP_RNA,SRX311408,TRUE,41013938,41013938,180,Z2018F_15DAP_RNA,Maize Z2018F kernel RNA-seq,Zea mays Variation,Z2018F,,,RANDOM,TRANSCRIPTOMIC,RNA-Seq
SRR912852,TY2_15DAP_RNA,SRX311407,TRUE,40859576,40859576,180,TY2_15DAP_RNA,Maize TY2 kernel RNA-seq,Zea mays Variation,TY2,,,RANDOM,TRANSCRIPTOMIC,RNA-Seq
SRR912851,CML191_15DAP_RNA,SRX311406,TRUE,37081296,37081296,180,CML191_15DAP_RNA,Maize CML191 kernel RNA-seq,Zea mays Variation,CML191,,,RANDOM,TRANSCRIPTOMIC,RNA-Seq
SRR912850,TY11_15DAP_RNA,SRX311405,TRUE,38991117,38991117,180,TY11_15DAP_RNA,Maize TY11 kernel RNA-seq,Zea mays Variation,TY11,,,RANDOM,TRANSCRIPTOMIC,RNA-Seq
SRR912849,CML189_15DAP_RNA,SRX311399,TRUE,39199466,39199466,180,CML189_15DAP_RNA,Maize CML189 kernel RNA-seq,Zea mays Variation,CML189,,,RANDOM,TRANSCRIPTOMIC,RNA-Seq
SRR912848,CML454_15DAP_RNA,SRX311398,TRUE,31722766,31722766,180,CML454_1.fq.gz,Maize CML454 kernel RNA-seq,Zea mays Variation,CML454,,,RANDOM,TRANSCRIPTOMIC,RNA-Seq
SRR912826,CML172_15DAP_RNA,SRX311397,TRUE,22536474,22536474,180,CML172_15DAP_RNA,Maize CML172 kernel RNA-seq,Zea mays Variation,CML172,,,RANDOM,TRANSCRIPTOMIC,RNA-Seq
SRR912825,CML433_15DAP_RNA,SRX311396,TRUE,37069518,37069518,180,CML433_15DAP_RNA,Maize CML433 kernel RNA-seq,Zea mays Variation,CML433,,,RANDOM,TRANSCRIPTOMIC,RNA-Seq
SRR912824,CML171_15DAP_RNA,SRX311395,TRUE,44051564,44051564,180,CML171_15DAP_RNA,Maize CML171 kernel RNA-seq,Zea mays Variation,CML171,,,RANDOM,TRANSCRIPTOMIC,RNA-Seq
SRR912827,TY1_15DAP_RNA,SRX311394,TRUE,40589087,40589087,180,TY1_15DAP_RNA,Maize TY1 kernel RNA-seq,Zea mays Variation,TY1,,,RANDOM,TRANSCRIPTOMIC,RNA-Seq
SRR912823,CML432_15DAP_RNA,SRX311393,TRUE,35321704,35321704,180,CML432_15DAP_RNA,Maize CML432 kernel RNA-seq,Zea mays Variation,CML432,,,RANDOM,TRANSCRIPTOMIC,RNA-Seq
SRR912822,CML170_15DAP_RNA,SRX311392,TRUE,24188425,24188425,180,CML170_15DAP_RNA,Maize CML170 kernel RNA-seq,Zea mays Variation,CML170,,,RANDOM,TRANSCRIPTOMIC,RNA-Seq
SRR912821,TIE7922_15DAP_RNA,SRX311391,TRUE,35135930,35135930,180,TIE7922_15DAP_RNA,Maize TIE7922 kernel RNA-seq,Zea mays Variation,TIE7922,,,RANDOM,TRANSCRIPTOMIC,RNA-Seq
SRR912800,CML169_15DAP_RNA,SRX311387,TRUE,39885687,39885687,180,CML169_15DAP_RNA,Maize CML169 kernel RNA-seq,Zea mays Variation,CML169,,,RANDOM,TRANSCRIPTOMIC,RNA-Seq
SRR912796,CML431_15DAP_RNA,SRX311386,TRUE,34498574,34498574,180,CML431_15DAP_RNA,Maize CML431 kernel RNA-seq,Zea mays Variation,CML431,,,RANDOM,TRANSCRIPTOMIC,RNA-Seq
SRR912795,TIAN77_15DAP_RNA,SRX311383,TRUE,39254846,39254846,180,TIAN77_15DAP_RNA,Maize TIAN77 kernel RNA-seq,Zea mays Variation,TIAN77,,,RANDOM,TRANSCRIPTOMIC,RNA-Seq
SRR912789,CML165_15DAP_RNA,SRX311382,TRUE,31501649,31501649,180,CML165_15DAP_RNA,Maize CML165 kernel RNA-seq,Zea mays Variation,CML165,,,RANDOM,TRANSCRIPTOMIC,RNA-Seq
SRR912788,CML426_15DAP_RNA,SRX311381,TRUE,33162391,33162391,180,CML426_15DAP_RNA,Maize CML426 kernel RNA-seq,Zea mays Variation,CML426,,,RANDOM,TRANSCRIPTOMIC,RNA-Seq
SRR912787,SY3073_15DAP_RNA,SRX311380,TRUE,40421196,40421196,180,SY3073_15DAP_RNA,Maize SY3073 kernel RNA-seq,Zea mays Variation,SY3073,,,RANDOM,TRANSCRIPTOMIC,RNA-Seq
SRR912786,CML163_15DAP_RNA,SRX311379,TRUE,31701931,31701931,180,CML163_15DAP_RNA,Maize CML163 kernel RNA-seq,Zea mays Variation,CML163,,,RANDOM,TRANSCRIPTOMIC,RNA-Seq
SRR912785,CML423_15DAP_RNA,SRX311378,TRUE,26209901,26209901,180,CML423_15DAP_RNA,Maize CML423 kernel RNA-seq,Zea mays Variation,CML423,,,RANDOM,TRANSCRIPTOMIC,RNA-Seq
SRR912783,CML162_15DAP_RNA,SRX311377,TRUE,41311650,41311650,180,CML162_15DAP_RNA,Maize CML162 kernel RNA-seq,Zea mays Variation,CML162,,,RANDOM,TRANSCRIPTOMIC,RNA-Seq
SRR912784,SY1128_15DAP_RNA,SRX311376,TRUE,34544749,34544749,180,SY1128_15DAP_RNA,Maize SY1128 kernel RNA-seq,Zea mays Variation,SY1128,,,RANDOM,TRANSCRIPTOMIC,RNA-Seq
SRR912782,CML422_15DAP_RNA,SRX311372,TRUE,40055559,40055559,180,CML422_15DAP_RNA,Maize CML422 kernel RNA-seq,Zea mays Variation,CML422,,,RANDOM,TRANSCRIPTOMIC,RNA-Seq
SRR912761,CML139_15DAP_RNA,SRX311371,TRUE,25818402,25818402,180,CML139_15DAP_RNA,Maize CML139 kernel RNA-seq,Zea mays Variation,CML139,,,RANDOM,TRANSCRIPTOMIC,RNA-Seq
SRR912755,CML415_15DAP_RNA,SRX311368,TRUE,37563614,37563614,180,CML415_15DAP_RNA,Maize CML415 kernel RNA-seq,Zea mays Variation,CML415,,,RANDOM,TRANSCRIPTOMIC,RNA-Seq
SRR912754,CML134_15DAP_RNA,SRX311367,TRUE,35631324,35631324,180,CML134_15DAP_RNA,Maize CML134 kernel RNA-seq,Zea mays Variation,CML134,,,RANDOM,TRANSCRIPTOMIC,RNA-Seq
SRR912760,SY1052_15DAP_RNA,SRX311366,TRUE,33844210,33844210,180,SY1052_15DAP_RNA,Maize SY1052 kernel RNA-seq,Zea mays Variation,SY1052,,,RANDOM,TRANSCRIPTOMIC,RNA-Seq
SRR912752,CML130_15DAP_RNA,SRX311365,TRUE,37948764,37948764,180,CML130_15DAP_RNA,Maize CML130 kernel RNA-seq,Zea mays Variation,CML130,,,RANDOM,TRANSCRIPTOMIC,RNA-Seq
SRR912753,CML411_15DAP_RNA,SRX311364,TRUE,35512195,35512195,180,CML411_15DAP_RNA,Maize CML411 kernel RNA-seq,Zea mays Variation,CML411,,,RANDOM,TRANSCRIPTOMIC,RNA-Seq
SRR912751,SY1039_15DAP_RNA,SRX311363,TRUE,31801968,31801968,180,SY1039_15DAP_RNA,Maize SY1039 kernel RNA-seq,Zea mays Variation,SY1039,,,RANDOM,TRANSCRIPTOMIC,RNA-Seq
SRR912750,CML122_15DAP_RNA,SRX311362,TRUE,43103232,43103232,180,CML122_15DAP_RNA,Maize CML122 kernel RNA-seq,Zea mays Variation,CML122,,,RANDOM,TRANSCRIPTOMIC,RNA-Seq
SRR912749,CML361_15DAP_RNA,SRX311361,TRUE,42629050,42629050,180,CML361_15DAP_RNA,Maize CML361 kernel RNA-seq,Zea mays Variation,CML361,,,RANDOM,TRANSCRIPTOMIC,RNA-Seq
SRR912747,CML121_15DAP_RNA,SRX311360,TRUE,35425204,35425204,180,CML121_15DAP_RNA,Maize CML121 kernel RNA-seq,Zea mays Variation,CML121,,,RANDOM,TRANSCRIPTOMIC,RNA-Seq
SRR912748,SY1035_15DAP_RNA,SRX311359,TRUE,30052308,30052308,180,SY1035_15DAP_RNA,Maize SY1035 kernel RNA-seq,Zea mays Variation,SY1035,,,RANDOM,TRANSCRIPTOMIC,RNA-Seq
SRR912746,CML360_15DAP_RNA,SRX311358,TRUE,45063798,45063798,180,CML360_15DAP_RNA,Maize CML360 kernel RNA-seq,Zea mays Variation,CML360,,,RANDOM,TRANSCRIPTOMIC,RNA-Seq
SRR912745,CML118_15DAP_RNA,SRX311357,TRUE,41810039,41810039,180,CML118_15DAP_RNA,Maize CML118 kernel RNA-seq,Zea mays Variation,CML118,,,RANDOM,TRANSCRIPTOMIC,RNA-Seq
SRR912744,SY1032_15DAP_RNA,SRX311356,TRUE,40479336,40479336,180,SY1032_15DAP_RNA,Maize SY1032 kernel RNA-seq,Zea mays Variation,SY1032,,,RANDOM,TRANSCRIPTOMIC,RNA-Seq
SRR912742,CML116_15DAP_RNA,SRX311355,TRUE,41963204,41963204,180,CML116_15DAP_RNA,Maize CML116 kernel RNA-seq,Zea mays Variation,CML116,,,RANDOM,TRANSCRIPTOMIC,RNA-Seq
SRR912743,CML338_15DAP_RNA,SRX311354,TRUE,35603259,35603259,180,CML338_15DAP_RNA,Maize CML338 kernel RNA-seq,Zea mays Variation,CML338,,,RANDOM,METATRANSCRIPTOMIC,RNA-Seq
SRR912682,CML115_15DAP_RNA,SRX311353,TRUE,33095764,33095764,180,CML115_15DAP_RNA,Maize CML115 kernel RNA-seq,Zea mays Variation,CML115,,,RANDOM,TRANSCRIPTOMIC,RNA-Seq
SRR912741,SW92E114_15DAP_RNA,SRX311352,TRUE,37449877,37449877,180,SW92E114_15DAP_RNA,Maize SW92E114 kernel RNA-seq,Zea mays Variation,SW92E114,,,RANDOM,TRANSCRIPTOMIC,RNA-Seq
SRR912681,CML327_15DAP_RNA,SRX311351,TRUE,40672130,40672130,180,CML327_15DAP_RNA,Maize CML327 kernel RNA-seq,Zea mays Variation,CML327,,,RANDOM,TRANSCRIPTOMIC,RNA-Seq
SRR912680,CML114_15DAP_RNA,SRX311341,TRUE,37718943,37718943,180,CML114_15DAP_RNA,Maize CML114 kernel RNA-seq,Zea mays Variation,CML114,,,RANDOM,TRANSCRIPTOMIC,RNA-Seq
SRR912678,SI446_15DAP_RNA,SRX311339,TRUE,26478594,26478594,180,SI446_15DAP_RNA,Maize SI446 kernel RNA-seq,Zea mays Variation,SI446,,,RANDOM,TRANSCRIPTOMIC,RNA-Seq
SRR912677,CIMBL99_15DAP_RNA,SRX311338,TRUE,43711423,43711423,180,CIMBL99_15DAP_RNA,Maize CIMBL99 kernel RNA-seq,Zea mays Variation,CIMBL99,,,RANDOM,TRANSCRIPTOMIC,RNA-Seq
SRR912676,CML324_15DAP_RNA,SRX311337,TRUE,31852810,31852810,180,CML324_15DAP_RNA,Maize CML324 kernel RNA-seq,Zea mays Variation,CML324,,,RANDOM,TRANSCRIPTOMIC,RNA-Seq
SRR912675,SI434_15DAP_RNA,SRX311336,TRUE,31939984,31939984,180,SI434_15DAP_RNA,Maize SI434 kernel RNA-seq,Zea mays Variation,SI434,,,RANDOM,TRANSCRIPTOMIC,RNA-Seq
SRR912674,CIMBL98_15DAP_RNA,SRX311335,TRUE,41958391,41958391,180,CIMBL98_15DAP_RNA,Maize CIMBL98 kernel RNA-seq,Zea mays Variation,CIMBL98,,,RANDOM,TRANSCRIPTOMIC,RNA-Seq
SRR912672,CIMBL96_15DAP_RNA,SRX311333,TRUE,29151071,29151071,180,CIMBL96_15DAP_RNA,Maize CIMBL96 kernel RNA-seq,Zea mays Variation,CIMBL96,,,RANDOM,TRANSCRIPTOMIC,RNA-Seq
SRR912671,SI273_15DAP_RNA,SRX311332,TRUE,38362835,38362835,180,SI273_15DAP_RNA,Maize SI273 kernel RNA-seq,Zea mays Variation,SI273,,,RANDOM,TRANSCRIPTOMIC,RNA-Seq
SRR912643,CIMBL95_15DAP_RNA,SRX311327,TRUE,23539037,23539037,180,CIMBL95_15DAP_RNA,Maize CIMBL95 kernel RNA-seq,Zea mays Variation,CIMBL95,,,RANDOM,TRANSCRIPTOMIC,RNA-Seq
SRR912642,LIAO159_15DAP_RNA,SRX311326,TRUE,32041841,32041841,180,LIAO159_15DAP_RNA,Maize LIAO159 kernel RNA-seq,Zea mays Variation,LIAO159,,,RANDOM,TRANSCRIPTOMIC,RNA-Seq
SRR912641,SHEN5003_15DAP_RNA,SRX311325,TRUE,32095695,32095695,180,SHEN5003_15DAP_RNA,Maize SHEN5003 kernel RNA-seq,Zea mays Variation,SHEN5003,,,RANDOM,TRANSCRIPTOMIC,RNA-Seq
SRR912639,CIMBL94_15DAP_RNA,SRX311324,TRUE,30890624,30890624,180,CIMBL94_15DAP_RNA,Maize CIMBL94 kernel RNA-seq,Zea mays Variation,CIMBL94,,,RANDOM,TRANSCRIPTOMIC,RNA-Seq
SRR912638,LIAO138_15DAP_RNA,SRX311322,TRUE,25104991,25104991,180,LIAO138_15DAP_RNA,Maize LIAO138 kernel RNA-seq,Zea mays Variation,LIAO138,,,RANDOM,TRANSCRIPTOMIC,RNA-Seq
SRR912637,SC55_15DAP_RNA,SRX311321,TRUE,33129559,33129559,180,SC55_15DAP_RNA,Maize SC55 kernel RNA-seq,Zea mays Variation,SC55,,,RANDOM,TRANSCRIPTOMIC,RNA-Seq
SRR912636,CIMBL93_15DAP_RNA,SRX311320,TRUE,36090024,36090024,180,CIMBL93_15DAP_RNA,Maize CIMBL93 kernel RNA-seq,Zea mays Variation,CIMBL93,,,RANDOM,TRANSCRIPTOMIC,RNA-Seq
SRR912635,LG001_15DAP_RNA,SRX311318,TRUE,34958652,34958652,180,LG001_15DAP_RNA,Maize LG001 kernel RNA-seq,Zea mays Variation,LG001,,,RANDOM,TRANSCRIPTOMIC,RNA-Seq
SRR912634,CIMBL92_15DAP_RNA,SRX311317,TRUE,44862923,44862923,180,CIMBL92_15DAP_RNA,Maize CIMBL92 kernel RNA-seq,Zea mays Variation,CIMBL92,,,RANDOM,TRANSCRIPTOMIC,RNA-Seq
SRR912630,CIMBL91_15DAP_RNA,SRX311312,TRUE,63702151,63702151,180,CIMBL91_15DAP_RNA,Maize CIMBL91 kernel RNA-seq,Zea mays Variation,CIMBL91,,,RANDOM,TRANSCRIPTOMIC,RNA-Seq
SRR912631,L3180_15DAP_RNA,SRX311311,TRUE,39945535,39945535,180,L3180_15DAP_RNA,Maize L3180 kernel RNA-seq,Zea mays Variation,L3180,,,RANDOM,TRANSCRIPTOMIC,RNA-Seq
SRR912632,S37_15DAP_RNA,SRX311309,TRUE,48968403,48968403,180,S37_15DAP_RNA,Maize S37 kernel RNA-seq,Zea mays Variation,S37,,,RANDOM,TRANSCRIPTOMIC,RNA-Seq
SRR912602,CIMBL90_15DAP_RNA,SRX311308,TRUE,39706076,39706076,180,CIMBL90_15DAP_RNA,Maize CIMBL90 kernel RNA-seq,Zea mays Variation,CIMBL90,,,RANDOM,TRANSCRIPTOMIC,RNA-Seq
SRR912601,K22_15DAP_RNA,SRX311307,TRUE,35532312,35532312,180,K22_15DAP_RNA,Maize K22 kernel RNA-seq,Zea mays Variation,K22,,,RANDOM,TRANSCRIPTOMIC,RNA-Seq
SRR912599,CIMBL9_15DAP_RNA,SRX311306,TRUE,36966953,36966953,180,CIMBL9_15DAP_RNA,Maize CIMBL9 kernel RNA-seq,Zea mays Variation,CIMBL9,,,RANDOM,TRANSCRIPTOMIC,RNA-Seq
SRR912597,K14_15DAP_RNA,SRX311302,TRUE,41330163,41330163,180,K14_15DAP_RNA,Maize K14 kernel RNA-seq,Zea mays Variation,K14,,,RANDOM,TRANSCRIPTOMIC,RNA-Seq
SRR912598,S22_15DAP_RNA,SRX311301,TRUE,42906368,42906368,180,S22_15DAP_RNA,Maize S22 kernel RNA-seq,Zea mays Variation,S22,,,RANDOM,TRANSCRIPTOMIC,RNA-Seq
SRR912576,CIMBL89_15DAP_RNA,SRX311299,TRUE,24556275,24556275,180,CIMBL89_15DAP_RNA,Maize CIMBL89 kernel RNA-seq,Zea mays Variation,CIMBL89,,,RANDOM,TRANSCRIPTOMIC,RNA-Seq
SRR912575,K12_15DAP_RNA,SRX311298,TRUE,29699565,29699565,180,K12_15DAP_RNA,Maize K12 kernel RNA-seq,Zea mays Variation,K12,,,RANDOM,TRANSCRIPTOMIC,RNA-Seq
SRR912574,CIMBL88_15DAP_RNA,SRX311297,TRUE,33597309,33597309,180,CIMBL88_15DAP_RNA,Maize CIMBL88 kernel RNA-seq,Zea mays Variation,CIMBL88,,,RANDOM,TRANSCRIPTOMIC,RNA-Seq
SRR912573,RY729_15DAP_RNA,SRX311296,TRUE,36332159,36332159,180,RY729_15DAP_RNA,Maize RY729 kernel RNA-seq,Zea mays Variation,RY729,,,RANDOM,TRANSCRIPTOMIC,RNA-Seq
SRR912572,CIMBL87_15DAP_RNA,SRX311295,TRUE,43283621,43283621,180,CIMBL87_15DAP_RNA,Maize CIMBL87 kernel RNA-seq,Zea mays Variation,CIMBL87,,,RANDOM,TRANSCRIPTOMIC,RNA-Seq
SRR912571,K10_15DAP_RNA,SRX311294,TRUE,33508353,33508353,180,K10_15DAP_RNA,Maize K10 kernel RNA-seq,Zea mays Variation,K10,,,RANDOM,TRANSCRIPTOMIC,RNA-Seq
SRR912570,CIMBL86_15DAP_RNA,SRX311293,TRUE,43694281,43694281,180,CIMBL86_15DAP_RNA,Maize CIMBL86 kernel RNA-seq,Zea mays Variation,CIMBL86,,,RANDOM,TRANSCRIPTOMIC,RNA-Seq
SRR912569,RY713_15DAP_RNA,SRX311292,TRUE,37759556,37759556,180,RY713_15DAP_RNA,Maize RY713 kernel RNA-seq,Zea mays Variation,RY713,,,RANDOM,TRANSCRIPTOMIC,RNA-Seq
SRR912567,JY01_15DAP_RNA,SRX311287,TRUE,37842642,37842642,180,JY01_15DAP_RNA,Maize JY01 kernel RNA-seq,Zea mays Variation,JY01,,,RANDOM,TRANSCRIPTOMIC,RNA-Seq
SRR912543,JIAO51_15DAP_RNA,SRX311286,TRUE,35538106,35538106,180,JIAO51_15DAP_RNA,Maize JIAO51 kernel RNA-seq,Zea mays Variation,JIAO51,,,RANDOM,TRANSCRIPTOMIC,RNA-Seq
SRR912542,R15X1141_15DAP_RNA,SRX311285,TRUE,38205678,38205678,180,R15X1141_15DAP_RNA,Maize R15X1141 kernel RNA-seq,Zea mays Variation,R15X1141,,,RANDOM,TRANSCRIPTOMIC,RNA-Seq
SRR912540,CIMBL84_15DAP_RNA,SRX311284,TRUE,31351014,31351014,180,CIMBL84_15DAP_RNA,Maize CIMBL84 kernel RNA-seq,Zea mays Variation,CIMBL84,,,RANDOM,TRANSCRIPTOMIC,RNA-Seq
SRR912539,R15_15DAP_RNA,SRX311283,TRUE,36890759,36890759,180,R15_15DAP_RNA,Maize R15 kernel RNA-seq,Zea mays Variation,R15,,,RANDOM,TRANSCRIPTOMIC,RNA-Seq
SRR912537,QI205_15DAP_RNA,SRX311278,TRUE,33867172,33867172,180,QI205_15DAP_RNA,Maize QI205 kernel RNA-seq,Zea mays Variation,QI205,,,RANDOM,TRANSCRIPTOMIC,RNA-Seq
SRR912532,CIMBL82_15DAP_RNA,SRX311277,TRUE,35322817,35322817,180,CIMBL82_15DAP_RNA,Maize CIMBL82 kernel RNA-seq,Zea mays Variation,CIMBL82,,,RANDOM,TRANSCRIPTOMIC,RNA-Seq
SRR912531,CIMBL81_15DAP_RNA,SRX311276,TRUE,44599744,44599744,180,CIMBL81_15DAP_RNA,Maize CIMBL81 kernel RNA-seq,Zea mays Variation,CIMBL81,,,RANDOM,TRANSCRIPTOMIC,RNA-Seq
SRR912514,Q1261_15DAP_RNA,SRX311275,TRUE,39423588,39423588,180,Q1261_15DAP_RNA,Maize Q1261 kernel RNA-seq,Zea mays Variation,Q1261,,,RANDOM,TRANSCRIPTOMIC,RNA-Seq
SRR912468,JI853_15DAP_RNA,SRX311264,TRUE,37731771,37731771,180,JI853_15DAP_RNA,Maize JI853 kernel RNA-seq,Zea mays Variation,JI853,,,RANDOM,TRANSCRIPTOMIC,RNA-Seq
SRR912467,CIMBL79_15DAP_RNA,SRX311263,TRUE,47511770,47511770,180,CIMBL79_15DAP_RNA,Maize CIMBL79 kernel RNA-seq,Zea mays Variation,CIMBL79,,,RANDOM,TRANSCRIPTOMIC,RNA-Seq
SRR912466,P178_15DAP_RNA,SRX311262,TRUE,37576016,37576016,180,P178_15DAP_RNA,Maize P178 kernel RNA-seq,Zea mays Variation,P178,,,RANDOM,TRANSCRIPTOMIC,RNA-Seq
SRR912464,JI846_15DAP_RNA,SRX311261,TRUE,26485498,26485498,180,JI846_15DAP_RNA,Maize JI846 kernel RNA-seq,Zea mays Variation,JI846,,,RANDOM,TRANSCRIPTOMIC,RNA-Seq
SRR912463,CIMBL77_15DAP_RNA,SRX311259,TRUE,40820000,40820000,180,CIMBL77_15DAP_RNA,Maize CIMBL77 kernel RNA-seq,Zea mays Variation,CIMBL77,,,RANDOM,TRANSCRIPTOMIC,RNA-Seq
SRR912462,NAN21-3_15DAP_RNA,SRX311258,TRUE,33976207,33976207,180,NAN21-3_15DAP_RNA,Maize NAN21-3 kernel RNA-seq,Zea mays Variation,NAN21-3,,,RANDOM,TRANSCRIPTOMIC,RNA-Seq
SRR912461,JI842_15DAP_RNA,SRX311257,TRUE,31724529,31724529,180,JI842_15DAP_RNA,Maize JI842 kernel RNA-seq,Zea mays Variation,JI842,,,RANDOM,TRANSCRIPTOMIC,RNA-Seq
SRR912460,CIMBL75_15DAP_RNA,SRX311256,TRUE,36633254,36633254,180,CIMBL75_15DAP_RNA,Maize CIMBL75 kernel RNA-seq,Zea mays Variation,CIMBL75,,,RANDOM,TRANSCRIPTOMIC,RNA-Seq
SRR912458,CIMBL74_15DAP_RNA,SRX311254,TRUE,36984031,36984031,180,CIMBL74_15DAP_RNA,Maize CIMBL74 kernel RNA-seq,Zea mays Variation,CIMBL74,,,RANDOM,TRANSCRIPTOMIC,RNA-Seq
SRR912457,JI63_15DAP_RNA,SRX311253,TRUE,46858167,46858167,180,JI63_15DAP_RNA,Maize JI63 kernel RNA-seq,Zea mays Variation,JI63,,,RANDOM,TRANSCRIPTOMIC,RNA-Seq
SRR912456,MO17_15DAP_RNA,SRX311252,TRUE,40912672,40912672,180,MO17_15DAP_RNA,Maize MO17 kernel RNA-seq,Zea mays Variation,MO17,,,RANDOM,TRANSCRIPTOMIC,RNA-Seq
SRR912435,CIMBL71_15DAP_RNA,SRX311251,TRUE,42439422,42439422,180,CIMBL71_15DAP_RNA,Maize CIMBL71 kernel RNA-seq,Zea mays Variation,CIMBL71,,,RANDOM,TRANSCRIPTOMIC,RNA-Seq
SRR912434,JH96C_15DAP_RNA,SRX311247,TRUE,28623921,28623921,180,JH96C_15DAP_RNA,Maize JH96C kernel RNA-seq,Zea mays Variation,JH96C,,,RANDOM,TRANSCRIPTOMIC,RNA-Seq
SRR912433,MO113_15DAP_RNA,SRX311246,TRUE,34101420,34101420,180,MO113_15DAP_RNA,Maize MO113 kernel RNA-seq,Zea mays Variation,MO113,,,RANDOM,TRANSCRIPTOMIC,RNA-Seq
SRR912432,CIMBL70_15DAP_RNA,SRX311245,TRUE,44852938,44852938,180,CIMBL70_15DAP_RNA,Maize CIMBL70 kernel RNA-seq,Zea mays Variation,CIMBL70,,,RANDOM,TRANSCRIPTOMIC,RNA-Seq
SRR912431,JH59_15DAP_RNA,SRX311244,TRUE,37915491,37915491,180,JH59_15DAP_RNA,Maize JH59 kernel RNA-seq,Zea mays Variation,JH59,,,RANDOM,TRANSCRIPTOMIC,RNA-Seq
SRR912430,CIMBL7_15DAP_RNA,SRX311243,TRUE,33649708,33649708,180,CIMBL7_15DAP_RNA,Maize CIMBL7 kernel RNA-seq,Zea mays Variation,CIMBL7,,,RANDOM,TRANSCRIPTOMIC,RNA-Seq
SRR912429,J4112_15DAP_RNA,SRX311239,TRUE,29923372,29923372,180,J4112_15DAP_RNA,Maize J4112 kernel RNA-seq,Zea mays Variation,J4112,,,RANDOM,TRANSCRIPTOMIC,RNA-Seq
SRR912404,CIMBL69_15DAP_RNA,SRX311237,TRUE,37874008,37874008,180,CIMBL69_15DAP_RNA,Maize CIMBL69 kernel RNA-seq,Zea mays Variation,CIMBL69,,,RANDOM,TRANSCRIPTOMIC,RNA-Seq
SRR912403,IRF314_15DAP_RNA,SRX311236,TRUE,41546546,41546546,180,IRF314_15DAP_RNA,Maize IRF314 kernel RNA-seq,Zea mays Variation,IRF314,,,RANDOM,TRANSCRIPTOMIC,RNA-Seq
SRR912402,CIMBL68_15DAP_RNA,SRX311235,TRUE,37375469,37375469,180,CIMBL68_15DAP_RNA,Maize CIMBL68 kernel RNA-seq,Zea mays Variation,CIMBL68,,,RANDOM,TRANSCRIPTOMIC,RNA-Seq
SRR912401,M153_15DAP_RNA,SRX311234,TRUE,41567959,41567959,180,M153_15DAP_RNA,Maize M153 kernel RNA-seq,Zea mays Variation,M153,,,RANDOM,TRANSCRIPTOMIC,RNA-Seq
SRR912399,CIMBL66_15DAP_RNA,SRX311233,TRUE,31174837,31174837,180,CIMBL66_15DAP_RNA,Maize CIMBL66 kernel RNA-seq,Zea mays Variation,CIMBL66,,,RANDOM,TRANSCRIPTOMIC,RNA-Seq
SRR912400,HZS_15DAP_RNA,SRX311232,TRUE,32862222,32862222,180,HZS_15DAP_RNA,Maize HZS kernel RNA-seq,Zea mays Variation,HZS,,,RANDOM,TRANSCRIPTOMIC,RNA-Seq
SRR912398,CIMBL63_15DAP_RNA,SRX311231,TRUE,28699262,28699262,180,CIMBL63_15DAP_RNA,Maize CIMBL63 kernel RNA-seq,Zea mays Variation,CIMBL63,,,RANDOM,TRANSCRIPTOMIC,RNA-Seq
SRR912397,LY042_15DAP_RNA,SRX311230,TRUE,42405502,42405502,180,LY042_15DAP_RNA,Maize LY042 kernel RNA-seq,Zea mays Variation,LY042,,,RANDOM,TRANSCRIPTOMIC,RNA-Seq
SRR912396,HYS_15DAP_RNA,SRX311229,TRUE,35293523,35293523,180,HYS_15DAP_RNA,Maize HYS kernel RNA-seq,Zea mays Variation,HYS,,,RANDOM,TRANSCRIPTOMIC,RNA-Seq
SRR912395,CIMBL62_15DAP_RNA,SRX311228,TRUE,38262074,38262074,180,CIMBL62_15DAP_RNA,Maize CIMBL62 kernel RNA-seq,Zea mays Variation,CIMBL62,,,RANDOM,TRANSCRIPTOMIC,RNA-Seq
SRR912394,HUA83-2_15DAP_RNA,SRX311223,TRUE,38329887,38329887,180,HUA83-2_15DAP_RNA,Maize HUA83-2 kernel RNA-seq,Zea mays Variation,HUA83-2,,,RANDOM,TRANSCRIPTOMIC,RNA-Seq
SRR912367,LXN_15DAP_RNA,SRX311222,TRUE,32564022,32564022,180,LXN_15DAP_RNA,Maize LXN kernel RNA-seq,Zea mays Variation,LXN,,,RANDOM,TRANSCRIPTOMIC,RNA-Seq
SRR912366,CIMBL60_15DAP_RNA,SRX311221,TRUE,40345625,40345625,180,CIMBL60_15DAP_RNA,Maize CIMBL60 kernel RNA-seq,Zea mays Variation,CIMBL60,,,RANDOM,TRANSCRIPTOMIC,RNA-Seq
SRR912365,HTH-17_15DAP_RNA,SRX311220,TRUE,30688128,30688128,180,HTH-17_15DAP_RNA,Maize HTH-17 kernel RNA-seq,Zea mays Variation,HTH-17,,,RANDOM,TRANSCRIPTOMIC,RNA-Seq
SRR912358,CIMBL6_15DAP_RNA,SRX311217,TRUE,32959781,32959781,180,CIMBL6_15DAP_RNA,Maize CIMBL6 kernel RNA-seq,Zea mays Variation,CIMBL6,,,RANDOM,TRANSCRIPTOMIC,RNA-Seq
SRR912364,LX9801_15DAP_RNA,SRX311216,TRUE,35576622,35576622,180,LX9801_15DAP_RNA,Maize LX9801 kernel RNA-seq,Zea mays Variation,LX9801,,,RANDOM,TRANSCRIPTOMIC,RNA-Seq
SRR912357,GY923_15DAP_RNA,SRX311210,TRUE,37965731,37965731,180,GY923_15DAP_RNA,Maize GY923 kernel RNA-seq,Zea mays Variation,GY923,,,RANDOM,TRANSCRIPTOMIC,RNA-Seq
SRR912336,CIMBL59_15DAP_RNA,SRX311209,TRUE,32432166,32432166,180,CIMBL59_15DAP_RNA,Maize CIMBL59 kernel RNA-seq,Zea mays Variation,CIMBL59,,,RANDOM,TRANSCRIPTOMIC,RNA-Seq
SRR912335,LV28_15DAP_RNA,SRX311208,TRUE,34891751,34891751,180,LV28_15DAP_RNA,Maize LV28 kernel RNA-seq,Zea mays Variation,LV28,,,RANDOM,TRANSCRIPTOMIC,RNA-Seq
SRR912334,GY798_15DAP_RNA,SRX311207,TRUE,42867767,42867767,180,GY798_15DAP_RNA,Maize GY798 kernel RNA-seq,Zea mays Variation,GY798,,,RANDOM,TRANSCRIPTOMIC,RNA-Seq
SRR912333,CIMBL58_15DAP_RNA,SRX311206,TRUE,38288267,38288267,180,CIMBL58_15DAP_RNA,Maize CIMBL58 kernel RNA-seq,Zea mays Variation,CIMBL58,,,RANDOM,TRANSCRIPTOMIC,RNA-Seq
SRR912332,GY462_15DAP_RNA,SRX311205,TRUE,35601518,35601518,180,GY462_15DAP_RNA,Maize GY462 kernel RNA-seq,Zea mays Variation,GY462,,,RANDOM,TRANSCRIPTOMIC,RNA-Seq
SRR912331,CIMBL56_15DAP_RNA,SRX311204,TRUE,31656684,31656684,180,CIMBL56_15DAP_RNA,Maize CIMBL56 kernel RNA-seq,Zea mays Variation,CIMBL56,,,RANDOM,TRANSCRIPTOMIC,RNA-Seq
SRR912330,LK11_15DAP_RNA,SRX311203,TRUE,28654585,28654585,180,LK11_15DAP_RNA,Maize LK11 kernel RNA-seq,Zea mays Variation,LK11,,,RANDOM,TRANSCRIPTOMIC,RNA-Seq
SRR912328,CIMBL55_15DAP_RNA,SRX311202,TRUE,35423011,35423011,180,CIMBL55_15DAP_RNA,Maize CIMBL55 kernel RNA-seq,Zea mays Variation,CIMBL55,,,RANDOM,TRANSCRIPTOMIC,RNA-Seq
SRR912329,GY386_15DAP_RNA,SRX311201,TRUE,35420083,35420083,180,GY386_15DAP_RNA,Maize GY386 kernel RNA-seq,Zea mays Variation,GY386,,,RANDOM,TRANSCRIPTOMIC,RNA-Seq
SRR912301,LIAO5263_15DAP_RNA,SRX311196,TRUE,35971555,35971555,180,LIAO5263_15DAP_RNA,Maize LIAO5263 kernel RNA-seq,Zea mays Variation,LIAO5263,,,RANDOM,TRANSCRIPTOMIC,RNA-Seq
SRR912300,GY1032_15DAP_RNA,SRX311195,TRUE,33080363,33080363,180,GY1032_15DAP_RNA,Maize GY1032 kernel RNA-seq,Zea mays Variation,GY1032,,,RANDOM,TRANSCRIPTOMIC,RNA-Seq
SRR912299,GY1007_15DAP_RNA,SRX311194,TRUE,34878770,34878770,180,GY1007_15DAP_RNA,Maize GY1007 kernel RNA-seq,Zea mays Variation,GY1007,,,RANDOM,TRANSCRIPTOMIC,RNA-Seq
SRR912298,LIAO5262_15DAP_RNA,SRX311193,TRUE,35383867,35383867,180,LIAO5262_15DAP_RNA,Maize LIAO5262 kernel RNA-seq,Zea mays Variation,LIAO5262,,,RANDOM,TRANSCRIPTOMIC,RNA-Seq
SRR912297,GEMS9_15DAP_RNA,SRX311192,TRUE,42557097,42557097,180,GEMS9_15DAP_RNA,Maize GEMS9 kernel RNA-seq,Zea mays Variation,GEMS9,,,RANDOM,TRANSCRIPTOMIC,RNA-Seq
SRR912296,GEMS66_15DAP_RNA,SRX311191,TRUE,35707388,35707388,180,GEMS66_15DAP_RNA,Maize GEMS66 kernel RNA-seq,Zea mays Variation,GEMS66,,,RANDOM,TRANSCRIPTOMIC,RNA-Seq
SRR912287,LIAO5114_15DAP_RNA,SRX311186,TRUE,44793959,44793959,180,LIAO5114_15DAP_RNA,Maize LIAO5114 kernel RNA-seq,Zea mays Variation,LIAO5114,,,RANDOM,TRANSCRIPTOMIC,RNA-Seq
SRR912267,GEMS65_15DAP_RNA,SRX311185,TRUE,40450915,40450915,180,GEMS65_15DAP_RNA,Maize GEMS65 kernel RNA-seq,Zea mays Variation,GEMS65,,,RANDOM,TRANSCRIPTOMIC,RNA-Seq
SRR912266,GEMS64_15DAP_RNA,SRX311184,TRUE,41007043,41007043,180,GEMS64_15DAP_RNA,Maize GEMS64 kernel RNA-seq,Zea mays Variation,GEMS64,,,RANDOM,TRANSCRIPTOMIC,RNA-Seq
SRR912265,GEMS63_15DAP_RNA,SRX311180,TRUE,31178380,31178380,180,GEMS63_15DAP_RNA,Maize GEMS63 kernel RNA-seq,Zea mays Variation,GEMS63,,,RANDOM,TRANSCRIPTOMIC,RNA-Seq
SRR912238,GEMS62_15DAP_RNA,SRX311177,TRUE,24511246,24511246,180,GEMS62_15DAP_RNA,Maize GEMS62 kernel RNA-seq,Zea mays Variation,GEMS62,,,RANDOM,TRANSCRIPTOMIC,RNA-Seq
SRR912236,GEMS61_15DAP_RNA,SRX311175,TRUE,39799588,39799588,180,GEMS61_15DAP_RNA,Maize GEMS61 kernel RNA-seq,Zea mays Variation,GEMS61,,,RANDOM,TRANSCRIPTOMIC,RNA-Seq
SRR912224,GEMS60_15DAP_RNA,SRX311158,TRUE,35158075,35158075,180,GEMS60_15DAP_RNA,Maize GEMS60 kernel RNA-seq,Zea mays Variation,GEMS60,,,RANDOM,TRANSCRIPTOMIC,RNA-Seq
SRR912165,CIMBL54_15DAP_RNA,SRX311157,TRUE,35368275,35368275,180,CIMBL54_15DAP_RNA,Maize CIMBL54 kernel RNA-seq,Zea mays Variation,CIMBL54,,,RANDOM,TRANSCRIPTOMIC,RNA-Seq
SRR912164,GEMS6_15DAP_RNA,SRX311156,TRUE,38213555,38213555,180,GEMS6_15DAP_RNA,Maize GEMS6 kernel RNA-seq,Zea mays Variation,GEMS6,,,RANDOM,TRANSCRIPTOMIC,RNA-Seq
SRR912163,CIMBL53_15DAP_RNA,SRX311155,TRUE,35160258,35160258,180,CIMBL53_15DAP_RNA,Maize CIMBL53 kernel RNA-seq,Zea mays Variation,CIMBL53,,,RANDOM,TRANSCRIPTOMIC,RNA-Seq
SRR912161,CIMBL52_15DAP_RNA,SRX311153,TRUE,35522476,35522476,180,CIMBL52_15DAP_RNA,Maize CIMBL52 kernel RNA-seq,Zea mays Variation,CIMBL52,,,RANDOM,TRANSCRIPTOMIC,RNA-Seq
SRR912160,GEMS58_15DAP_RNA,SRX311152,TRUE,36038298,36038298,180,GEMS58_15DAP_RNA,Maize GEMS58 kernel RNA-seq,Zea mays Variation,GEMS58,,,RANDOM,TRANSCRIPTOMIC,RNA-Seq
SRR912159,CIMBL51_15DAP_RNA,SRX311151,TRUE,38191267,38191267,180,CIMBL51_15DAP_RNA,Maize CIMBL51 kernel RNA-seq,Zea mays Variation,CIMBL51,,,RANDOM,TRANSCRIPTOMIC,RNA-Seq
SRR912137,CIMBL50_15DAP_RNA,SRX311145,TRUE,38927252,38927252,180,CIMBL50_15DAP_RNA,Maize CIMBL50 kernel RNA-seq,Zea mays Variation,CIMBL50,,,RANDOM,TRANSCRIPTOMIC,RNA-Seq
SRR912138,GEMS56_15DAP_RNA,SRX311144,TRUE,36754028,36754028,180,GEMS56_15DAP_RNA,Maize GEMS56 kernel RNA-seq,Zea mays Variation,GEMS56,,,RANDOM,TRANSCRIPTOMIC,RNA-Seq
SRR912136,CIMBL5_15DAP_RNA,SRX311143,TRUE,36816833,36816833,180,CIMBL5_15DAP_RNA,Maize CIMBL5 kernel RNA-seq,Zea mays Variation,CIMBL5,,,RANDOM,TRANSCRIPTOMIC,RNA-Seq
SRR912135,CIMBL49_15DAP_RNA,SRX311141,TRUE,41060788,41060788,180,CIMBL49_15DAP_RNA,Maize CIMBL49 kernel RNA-seq,Zea mays Variation,CIMBL49,,,RANDOM,TRANSCRIPTOMIC,RNA-Seq
SRR912107,CIMBL48_15DAP_RNA,SRX311136,TRUE,38487352,38487352,180,CIMBL48_15DAP_RNA,Maize CIMBL48 kernel RNA-seq,Zea mays Variation,CIMBL48,,,RANDOM,TRANSCRIPTOMIC,RNA-Seq
SRR912106,GEMS54_15DAP_RNA,SRX311135,TRUE,38770954,38770954,180,GEMS54_15DAP_RNA,Maize GEMS54 kernel RNA-seq,Zea mays Variation,GEMS54,,,RANDOM,TRANSCRIPTOMIC,RNA-Seq
SRR912104,CIMBL47_15DAP_RNA,SRX311133,TRUE,40694322,40694322,180,CIMBL47_15DAP_RNA,Maize CIMBL47 kernel RNA-seq,Zea mays Variation,CIMBL47,,,RANDOM,TRANSCRIPTOMIC,RNA-Seq
SRR912103,GEMS51_15DAP_RNA,SRX311132,TRUE,28713397,28713397,180,GEMS51_15DAP_RNA,Maize GEMS51 kernel RNA-seq,Zea mays Variation,GEMS51,,,RANDOM,TRANSCRIPTOMIC,RNA-Seq
SRR912102,CIMBL46_15DAP_RNA,SRX311131,TRUE,42022478,42022478,180,CIMBL46_15DAP_RNA,Maize CIMBL46 kernel RNA-seq,Zea mays Variation,CIMBL46,,,RANDOM,TRANSCRIPTOMIC,RNA-Seq
SRR912101,GEMS50_15DAP_RNA,SRX311129,TRUE,37283870,37283870,180,GEMS50_15DAP_RNA,Maize GEMS50 kernel RNA-seq,Zea mays Variation,GEMS50,,,RANDOM,TRANSCRIPTOMIC,RNA-Seq
SRR912079,GEMS5_15DAP_RNA,SRX311125,TRUE,45379863,45379863,180,GEMS5_15DAP_RNA,Maize GEMS5 kernel RNA-seq,Zea mays Variation,GEMS5,,,RANDOM,TRANSCRIPTOMIC,RNA-Seq
SRR912077,GEMS49_15DAP_RNA,SRX311123,TRUE,35655790,35655790,180,GEMS49_15DAP_RNA,Maize GEMS49 kernel RNA-seq,Zea mays Variation,GEMS49,,,RANDOM,TRANSCRIPTOMIC,RNA-Seq
SRR912075,GEMS48_15DAP_RNA,SRX311121,TRUE,23461622,23461622,180,GEMS48_15DAP_RNA,Maize GEMS48 kernel RNA-seq,Zea mays Variation,GEMS48,,,RANDOM,TRANSCRIPTOMIC,RNA-Seq
SRR912053,GEMS46_15DAP_RNA,SRX311116,TRUE,40392882,40392882,180,GEMS46_15DAP_RNA,Maize GEMS46 kernel RNA-seq,Zea mays Variation,GEMS46,,,RANDOM,TRANSCRIPTOMIC,RNA-Seq
SRR912052,CIMBL43_15DAP_RNA,SRX311115,TRUE,31247733,31247733,180,CIMBL43_15DAP_RNA,Maize CIMBL43 kernel RNA-seq,Zea mays Variation,CIMBL43,,,RANDOM,TRANSCRIPTOMIC,RNA-Seq
SRR912051,GEMS44_15DAP_RNA,SRX311114,TRUE,32137391,32137391,180,GEMS44_15DAP_RNA,Maize GEMS44 kernel RNA-seq,Zea mays Variation,GEMS44,,,RANDOM,TRANSCRIPTOMIC,RNA-Seq
SRR912046,GEMS42_15DAP_RNA,SRX311111,TRUE,35364209,35364209,180,GEMS42_15DAP_RNA,Maize GEMS42 kernel RNA-seq,Zea mays Variation,GEMS42,,,RANDOM,TRANSCRIPTOMIC,RNA-Seq
SRR912020,GEMS41_15DAP_RNA,SRX311104,TRUE,40776808,40776808,180,GEMS41_15DAP_RNA,Maize GEMS41 kernel RNA-seq,Zea mays Variation,GEMS41,,,RANDOM,TRANSCRIPTOMIC,RNA-Seq
SRR912018,CIMBL40_15DAP_RNA,SRX311103,TRUE,43544215,43544215,180,CIMBL40_15DAP_RNA,Maize CIMBL40 kernel RNA-seq,Zea mays Variation,CIMBL40,,,RANDOM,TRANSCRIPTOMIC,RNA-Seq
SRR912017,GEMS40_15DAP_RNA,SRX311102,TRUE,41065902,41065902,180,GEMS40_15DAP_RNA,Maize GEMS40 kernel RNA-seq,Zea mays Variation,GEMS40,,,RANDOM,TRANSCRIPTOMIC,RNA-Seq
SRR911995,GEMS4_15DAP_RNA,SRX311097,TRUE,30193689,30193689,180,GEMS4_15DAP_RNA,Maize GEMS4 kernel RNA-seq,Zea mays Variation,GEMS4,,,RANDOM,TRANSCRIPTOMIC,RNA-Seq
SRR911994,GEMS39_15DAP_RNA,SRX311096,TRUE,42793749,42793749,180,GEMS39_15DAP_RNA,Maize GEMS39 kernel RNA-seq,Zea mays Variation,GEMS39,,,RANDOM,TRANSCRIPTOMIC,RNA-Seq
SRR911993,GEMS37_15DAP_RNA,SRX311095,TRUE,31548481,31548481,180,GEMS37_15DAP_RNA,Maize GEMS37 kernel RNA-seq,Zea mays Variation,GEMS37,,,RANDOM,TRANSCRIPTOMIC,RNA-Seq
SRR911974,CIMBL4_15DAP_RNA,SRX311089,TRUE,41071814,41071814,180,CIMBL4_15DAP_RNA,Maize CIMBL4 kernel RNA-seq,Zea mays Variation,CIMBL4,,,RANDOM,TRANSCRIPTOMIC,RNA-Seq
SRR911973,GEMS36_15DAP_RNA,SRX311088,TRUE,28212164,28212164,180,GEMS36_15DAP_RNA,Maize GEMS36 kernel RNA-seq,Zea mays Variation,GEMS36,,,RANDOM,TRANSCRIPTOMIC,RNA-Seq
SRR911968,CIMBL38_15DAP_RNA,SRX311087,TRUE,38729428,38729428,180,CIMBL38_15DAP_RNA,Maize CIMBL38 kernel RNA-seq,Zea mays Variation,CIMBL38,,,RANDOM,TRANSCRIPTOMIC,RNA-Seq
SRR911967,GEMS35_15DAP_RNA,SRX311086,TRUE,30609966,30609966,180,GEMS35_15DAP_RNA,Maize GEMS35 kernel RNA-seq,Zea mays Variation,GEMS35,,,RANDOM,TRANSCRIPTOMIC,RNA-Seq
SRR911966,GEMS33_15DAP_RNA,SRX311085,TRUE,34491125,34491125,180,GEMS33_15DAP_RNA,Maize GEMS33 kernel RNA-seq,Zea mays Variation,GEMS33,,,RANDOM,TRANSCRIPTOMIC,RNA-Seq
SRR911938,GEMS32_15DAP_RNA,SRX311079,TRUE,28615307,28615307,180,GEMS32_15DAP_RNA,Maize GEMS32 kernel RNA-seq,Zea mays Variation,GEMS32,,,RANDOM,TRANSCRIPTOMIC,RNA-Seq
SRR911937,GEMS31_15DAP_RNA,SRX311078,TRUE,39876133,39876133,180,GEMS31_15DAP_RNA,Maize GEMS31 kernel RNA-seq,Zea mays Variation,GEMS31,,,RANDOM,TRANSCRIPTOMIC,RNA-Seq
SRR911936,CIMBL32_15DAP_RNA,SRX311077,TRUE,33509284,33509284,180,CIMBL32_15DAP_RNA,Maize CIMBL32 kernel RNA-seq,Zea mays Variation,CIMBL32,,,RANDOM,TRANSCRIPTOMIC,RNA-Seq
SRR911915,CIMBL3_15DAP_RNA,SRX311073,TRUE,46416109,46416109,180,CIMBL3_15DAP_RNA,Maize CIMBL3 kernel RNA-seq,Zea mays Variation,CIMBL3,,,RANDOM,TRANSCRIPTOMIC,RNA-Seq
SRR911914,GEMS30_15DAP_RNA,SRX311072,TRUE,42712006,42712006,180,GEMS30_15DAP_RNA,Maize GEMS30 kernel RNA-seq,Zea mays Variation,GEMS30,,,RANDOM,TRANSCRIPTOMIC,RNA-Seq
SRR911913,GEMS3_15DAP_RNA,SRX311069,TRUE,30939904,30939904,180,GEMS3_15DAP_RNA,Maize GEMS3 kernel RNA-seq,Zea mays Variation,GEMS3,,,RANDOM,TRANSCRIPTOMIC,RNA-Seq
SRR911912,CIMBL29_15DAP_RNA,SRX311068,TRUE,35571425,35571425,180,CIMBL29_15DAP_RNA,Maize CIMBL29 kernel RNA-seq,Zea mays Variation,CIMBL29,,,RANDOM,TRANSCRIPTOMIC,RNA-Seq
SRR911883,CIMBL28_15DAP_RNA,SRX311064,TRUE,33915980,33915980,180,CIMBL28_15DAP_RNA,Maize CIMBL28 kernel RNA-seq,Zea mays Variation,CIMBL28,,,RANDOM,TRANSCRIPTOMIC,RNA-Seq
SRR911882,CIMBL27_15DAP_RNA,SRX311063,TRUE,38383913,38383913,180,CIMBL27_15DAP_RNA,Maize CIMBL27 kernel RNA-seq,Zea mays Variation,CIMBL27,,,RANDOM,TRANSCRIPTOMIC,RNA-Seq
SRR911832,CIMBL25_15DAP_RNA,SRX311059,TRUE,36006788,36006788,180,CIMBL25_15DAP_RNA,Maize CIMBL25 kernel RNA-seq,Zea mays Variation,CIMBL25,,,RANDOM,TRANSCRIPTOMIC,RNA-Seq
SRR911831,CIMBL23_15DAP_RNA,SRX311054,TRUE,38300214,38300214,180,CIMBL23_15DAP_RNA,Maize CIMBL23 kernel RNA-seq,Zea mays Variation,CIMBL23,,,RANDOM,TRANSCRIPTOMIC,RNA-Seq
SRR911830,CIMBL22_15DAP_RNA,SRX311051,TRUE,32231859,32231859,180,CIMBL22_15DAP_RNA,Maize CIMBL22 kernel RNA-seq,Zea mays Variation,CIMBL22,,,RANDOM,TRANSCRIPTOMIC,RNA-Seq
SRR911787,CIMBL21_15DAP_RNA,SRX311047,TRUE,42480769,42480769,180,CIMBL21_15DAP_RNA,Maize CIMBL21 kernel RNA-seq,Zea mays Variation,CIMBL21,,,RANDOM,TRANSCRIPTOMIC,RNA-Seq
SRR911783,CIMBL2_15DAP_RNA,SRX311046,TRUE,37244913,37244913,180,CIMBL2_15DAP_RNA,Maize CIMBL2 kernel RNA-seq,Zea mays Variation,CIMBL2,,,RANDOM,TRANSCRIPTOMIC,RNA-Seq
SRR911720,CIMBL19_15DAP_RNA,SRX311034,TRUE,42650664,42650664,180,CIMBL19_15DAP_RNA,Maize CIMBL19 kernel RNA-seq,Zea mays Variation,CIMBL19,,,RANDOM,TRANSCRIPTOMIC,RNA-Seq
SRR911696,CIMBL18_15DAP_RNA,SRX311030,TRUE,41294360,41294360,180,CIMBL18_15DAP_RNA,Maize CIMBL18 kernel RNA-seq,Zea mays Variation,CIMBL18,,,RANDOM,TRANSCRIPTOMIC,RNA-Seq
SRR911695,CIMBL17_15DAP_RNA,SRX311029,TRUE,31104428,31104428,180,CIMBL17_15DAP_RNA,Maize CIMBL17 kernel RNA-seq,Zea mays Variation,CIMBL17,,,RANDOM,TRANSCRIPTOMIC,RNA-Seq
SRR911674,CIMBL16_15DAP_RNA,SRX311018,TRUE,35951015,35951015,180,CIMBL16_15DAP_RNA,Maize CIMBL16 kernel RNA-seq,Zea mays Variation,CIMBL16,,,RANDOM,TRANSCRIPTOMIC,RNA-Seq
SRR911653,CIMBL157_15DAP_RNA,SRX311017,TRUE,30613139,30613139,180,CIMBL157_15DAP_RNA,Maize CIMBL157 kernel RNA-seq,Zea mays Variation,CIMBL157,,,RANDOM,TRANSCRIPTOMIC,RNA-Seq
SRR911651,CIMBL156_15DAP_RNA,SRX311016,TRUE,34967771,34967771,180,CIMBL156_15DAP_RNA,Maize CIMBL156 kernel RNA-seq,Zea mays Variation,CIMBL156,,,RANDOM,TRANSCRIPTOMIC,RNA-Seq
SRR911626,CIMBL153_15DAP_RNA,SRX311008,TRUE,36487287,36487287,180,CIMBL153_15DAP_RNA,Maize CIMBL153 kernel RNA-seq,Zea mays Variation,CIMBL153,,,RANDOM,TRANSCRIPTOMIC,RNA-Seq
SRR911562,CIMBL152_15DAP_RNA,SRX310995,TRUE,45796137,45796137,180,CIMBL152_15DAP_RNA,Maize CIMBL152 kernel RNA-seq,Zea mays Variation,CIMBL152,,,RANDOM,TRANSCRIPTOMIC,RNA-Seq
SRR911298,GEMS29_15DAP_RNA,SRX310948,TRUE,30269305,30269305,180,GEMS29_15DAP_RNA,Maize GEMS29 kernel RNA-seq,Zea mays Variation,GEMS29,,,RANDOM,TRANSCRIPTOMIC,RNA-Seq
SRR911297,CIMBL151_15DAP_RNA,SRX310942,TRUE,39655999,39655999,180,CIMBL151_15DAP_RNA,Maize CIMBL151 kernel RNA-seq,Zea mays Variation,CIMBL151,,,RANDOM,TRANSCRIPTOMIC,RNA-Seq
SRR911296,GEMS28_15DAP_RNA,SRX310941,TRUE,49627016,49627016,180,GEMS28_15DAP_RNA,Maize GEMS28 kernel RNA-seq,Zea mays Variation,GEMS28,,,RANDOM,TRANSCRIPTOMIC,RNA-Seq
SRR911273,GEMS25_15DAP_RNA,SRX310940,TRUE,26669159,26669159,180,GEMS25_15DAP_RNA,Maize GEMS25 kernel RNA-seq,Zea mays Variation,GEMS25,,,RANDOM,TRANSCRIPTOMIC,RNA-Seq
SRR911272,CIMBL150_15DAP_RNA,SRX310939,TRUE,41994729,41994729,180,CIMBL150_15DAP_RNA,Maize CIMBL150 kernel RNA-seq,Zea mays Variation,CIMBL150,,,RANDOM,TRANSCRIPTOMIC,RNA-Seq
SRR911271,GEMS23_15DAP_RNA,SRX310938,TRUE,37869090,37869090,180,GEMS23_15DAP_RNA,Maize GEMS23 kernel RNA-seq,Zea mays Variation,GEMS23,,,RANDOM,TRANSCRIPTOMIC,RNA-Seq
SRR911270,CIMBL15_15DAP_RNA,SRX310937,TRUE,39146236,39146236,180,CIMBL15_15DAP_RNA,Maize CIMBL15 kernel RNA-seq,Zea mays Variation,CIMBL15,,,RANDOM,TRANSCRIPTOMIC,RNA-Seq
SRR911246,GEMS21_15DAP_RNA,SRX310933,TRUE,34362351,34362351,180,GEMS21_15DAP_RNA,Maize GEMS21 kernel RNA-seq,Zea mays Variation,GEMS21,,,RANDOM,TRANSCRIPTOMIC,RNA-Seq
SRR911245,CIMBL149_15DAP_RNA,SRX310932,TRUE,39577770,39577770,180,CIMBL149_15DAP_RNA,Maize CIMBL149 kernel RNA-seq,Zea mays Variation,CIMBL149,,,RANDOM,TRANSCRIPTOMIC,RNA-Seq
SRR911244,GEMS20_15DAP_RNA,SRX310931,TRUE,36116277,36116277,180,GEMS20_15DAP_RNA,Maize GEMS20 kernel RNA-seq,Zea mays Variation,GEMS20,,,RANDOM,TRANSCRIPTOMIC,RNA-Seq
SRR911243,CIMBL147_15DAP_RNA,SRX310930,TRUE,41123427,41123427,180,CIMBL147_15DAP_RNA,Maize CIMBL147 kernel RNA-seq,Zea mays Variation,CIMBL147,,,RANDOM,TRANSCRIPTOMIC,RNA-Seq
SRR911242,GEMS2_15DAP_RNA,SRX310929,TRUE,41924804,41924804,180,GEMS2_15DAP_RNA,Maize GEMS2 kernel RNA-seq,Zea mays Variation,GEMS2,,,RANDOM,TRANSCRIPTOMIC,RNA-Seq
SRR911221,CIMBL145_15DAP_RNA,SRX310928,TRUE,39281007,39281007,180,CIMBL145_15DAP_RNA,Maize CIMBL145 kernel RNA-seq,Zea mays Variation,CIMBL145,,,RANDOM,TRANSCRIPTOMIC,RNA-Seq
SRR911220,GEMS19_15DAP_RNA,SRX310920,TRUE,36674832,36674832,180,GEMS19_15DAP_RNA,Maize GEMS19 kernel RNA-seq,Zea mays Variation,GEMS19,,,RANDOM,TRANSCRIPTOMIC,RNA-Seq
SRR911210,GEMS18_15DAP_RNA,SRX310917,TRUE,35855926,35855926,180,GEMS18_15DAP_RNA,Maize GEMS18 kernel RNA-seq,Zea mays Variation,GEMS18,,,RANDOM,TRANSCRIPTOMIC,RNA-Seq
SRR911209,CIMBL144_15DAP_RNA,SRX310913,TRUE,37899642,37899642,180,CIMBL144_15DAP_RNA,Maize CIMBL144 kernel RNA-seq,Zea mays Variation,CIMBL144,,,RANDOM,TRANSCRIPTOMIC,RNA-Seq
SRR911208,GEMS17_15DAP_RNA,SRX310912,TRUE,41008166,41008166,180,GEMS17_15DAP_RNA,Maize GEMS17 kernel RNA-seq,Zea mays Variation,GEMS17,,,RANDOM,TRANSCRIPTOMIC,RNA-Seq
SRR911189,GEMS16_15DAP_RNA,SRX310911,TRUE,35360932,35360932,180,GEMS16_15DAP_RNA,Maize GEMS16 kernel RNA-seq,Zea mays Variation,GEMS16,,,RANDOM,TRANSCRIPTOMIC,RNA-Seq
SRR911188,GEMS15_15DAP_RNA,SRX310910,TRUE,42526583,42526583,180,GEMS15_15DAP_RNA,Maize GEMS15 kernel RNA-seq,Zea mays Variation,GEMS15,,,RANDOM,TRANSCRIPTOMIC,RNA-Seq
SRR911187,GEMS14_15DAP_RNA,SRX310909,TRUE,33272020,33272020,180,GEMS14_15DAP_RNA,Maize GEMS14 kernel RNA-seq,Zea mays Variation,GEMS14,,,RANDOM,TRANSCRIPTOMIC,RNA-Seq
SRR911186,CIMBL143_15DAP_RNA,SRX310908,TRUE,42855609,42855609,180,CIMBL143_15DAP_RNA,Maize CIMBL143 kernel RNA-seq,Zea mays Variation,CIMBL143,,,RANDOM,TRANSCRIPTOMIC,RNA-Seq
SRR911159,GEMS13_15DAP_RNA,SRX310903,TRUE,24125775,24125775,180,GEMS13_15DAP_RNA,Maize GEMS13 kernel RNA-seq,Zea mays Variation,GEMS13,,,RANDOM,TRANSCRIPTOMIC,RNA-Seq
SRR911157,GEMS11_15DAP_RNA,SRX310902,TRUE,47519640,47519640,180,GEMS11_15DAP_RNA,Maize GEMS11 kernel RNA-seq,Zea mays Variation,GEMS11,,,RANDOM,TRANSCRIPTOMIC,RNA-Seq
SRR911158,CIMBL142_15DAP_RNA,SRX310901,TRUE,40588008,40588008,180,CIMBL142_15DAP_RNA,Maize CIMBL142 kernel RNA-seq,Zea mays Variation,CIMBL142,,,RANDOM,TRANSCRIPTOMIC,RNA-Seq
SRR911136,GEMS10_15DAP_RNA,SRX310900,TRUE,43618943,43618943,180,GEMS10_15DAP_RNA,Maize GEMS10 kernel RNA-seq,Zea mays Variation,GEMS10,,,RANDOM,TRANSCRIPTOMIC,RNA-Seq
SRR910973,GEMS1_15DAP_RNA,SRX310866,TRUE,30721345,30721345,180,GEMS1_15DAP_RNA,Maize GEMS1 kernel RNA-seq,Zea mays Variation,GEMS1,,,RANDOM,TRANSCRIPTOMIC,RNA-Seq
SRR910972,CIMBL141_15DAP_RNA,SRX310865,TRUE,47367194,47367194,180,CIMBL141_15DAP_RNA,Maize CIMBL141 kernel RNA-seq,Zea mays Variation,CIMBL141,,,RANDOM,TRANSCRIPTOMIC,RNA-Seq
SRR910971,FCD0602_15DAP_RNA,SRX310864,TRUE,26616255,26616255,180,FCD0602_15DAP_RNA,Maize FCD0602 kernel RNA-seq,Zea mays Variation,FCD0602,,,RANDOM,TRANSCRIPTOMIC,RNA-Seq
SRR910912,CIMBL140_15DAP_RNA,SRX310854,TRUE,36406399,36406399,180,CIMBL140_15DAP_RNA,Maize CIMBL140 kernel RNA-seq,Zea mays Variation,CIMBL140,,,RANDOM,TRANSCRIPTOMIC,RNA-Seq
SRR910911,ES40_15DAP_RNA,SRX310853,TRUE,39493824,39493824,180,ES40_15DAP_RNA,Maize ES40 kernel RNA-seq,Zea mays Variation,ES40,,,RANDOM,TRANSCRIPTOMIC,RNA-Seq
SRR910910,CIMBL139_15DAP_RNA,SRX310852,TRUE,35301487,35301487,180,CIMBL139_15DAP_RNA,Maize CIMBL139 kernel RNA-seq,Zea mays Variation,CIMBL139,,,RANDOM,TRANSCRIPTOMIC,RNA-Seq
SRR910908,CIMBL137_15DAP_RNA,SRX310851,TRUE,32822902,32822902,180,CIMBL137_15DAP_RNA,Maize CIMBL137 kernel RNA-seq,Zea mays Variation,CIMBL137,,,RANDOM,TRANSCRIPTOMIC,RNA-Seq
SRR910909,EN25_15DAP_RNA,SRX310850,TRUE,35293817,35293817,180,EN25_15DAP_RNA,Maize EN25 kernel RNA-seq,Zea mays Variation,EN25,,,RANDOM,TRANSCRIPTOMIC,RNA-Seq
SRR910902,CIMBL133_15DAP_RNA,SRX310847,TRUE,36287803,36287803,180,CIMBL133_15DAP_RNA,Maize CIMBL133 kernel RNA-seq,Zea mays Variation,CIMBL133,,,RANDOM,TRANSCRIPTOMIC,RNA-Seq
SRR910901,DONG46_15DAP_RNA,SRX310846,TRUE,27388249,27388249,180,DONG46_15DAP_RNA,Maize DONG46 kernel RNA-seq,Zea mays Variation,DONG46,,,RANDOM,TRANSCRIPTOMIC,RNA-Seq
SRR910900,CIMBL13_15DAP_RNA,SRX310845,TRUE,35058112,35058112,180,CIMBL13_15DAP_RNA,Maize CIMBL13 kernel RNA-seq,Zea mays Variation,CIMBL13,,,RANDOM,TRANSCRIPTOMIC,RNA-Seq
SRR910899,DONG237_15DAP_RNA,SRX310844,TRUE,37860346,37860346,180,DONG237_15DAP_RNA,Maize DONG237 kernel RNA-seq,Zea mays Variation,DONG237,,,RANDOM,TRANSCRIPTOMIC,RNA-Seq
SRR910898,CIMBL129_15DAP_RNA,SRX310840,TRUE,42741740,42741740,180,CIMBL129_15DAP_RNA,Maize CIMBL129 kernel RNA-seq,Zea mays Variation,CIMBL129,,,RANDOM,TRANSCRIPTOMIC,RNA-Seq
SRR910874,DH3732_15DAP_RNA,SRX310839,TRUE,37552415,37552415,180,DH3732_15DAP_RNA,Maize DH3732 kernel RNA-seq,Zea mays Variation,DH3732,,,RANDOM,TRANSCRIPTOMIC,RNA-Seq
SRR910873,CIMBL127_15DAP_RNA,SRX310838,TRUE,41269962,41269962,180,CIMBL127_15DAP_RNA,Maize CIMBL127 kernel RNA-seq,Zea mays Variation,CIMBL127,,,RANDOM,TRANSCRIPTOMIC,RNA-Seq
SRR910872,CIMBL125_15DAP_RNA,SRX310837,TRUE,37485735,37485735,180,CIMBL125_15DAP_RNA,Maize CIMBL125 kernel RNA-seq,Zea mays Variation,CIMBL125,,,RANDOM,TRANSCRIPTOMIC,RNA-Seq
SRR910871,DAN599_15DAP_RNA,SRX310836,TRUE,30221356,30221356,180,DAN599_15DAP_RNA,Maize DAN599 kernel RNA-seq,Zea mays Variation,DAN599,,,RANDOM,TRANSCRIPTOMIC,RNA-Seq
SRR910870,CIMBL124_15DAP_RNA,SRX310835,TRUE,33244101,33244101,180,CIMBL124_15DAP_RNA,Maize CIMBL124 kernel RNA-seq,Zea mays Variation,CIMBL124,,,RANDOM,TRANSCRIPTOMIC,RNA-Seq
SRR910869,DAN4245_15DAP_RNA,SRX310829,TRUE,42511503,42511503,180,DAN4245_15DAP_RNA,Maize DAN4245 kernel RNA-seq,Zea mays Variation,DAN4245,,,RANDOM,TRANSCRIPTOMIC,RNA-Seq
SRR910848,CIMBL123_15DAP_RNA,SRX310828,TRUE,42904043,42904043,180,CIMBL123_15DAP_RNA,Maize CIMBL123 kernel RNA-seq,Zea mays Variation,CIMBL123,,,RANDOM,TRANSCRIPTOMIC,RNA-Seq
SRR910847,DAN360_15DAP_RNA,SRX310827,TRUE,35677608,35677608,180,DAN360_15DAP_RNA,Maize DAN360 kernel RNA-seq,Zea mays Variation,DAN360,,,RANDOM,TRANSCRIPTOMIC,RNA-Seq
SRR910846,CIMBL122_15DAP_RNA,SRX310826,TRUE,38652395,38652395,180,CIMBL122_15DAP_RNA,Maize CIMBL122 kernel RNA-seq,Zea mays Variation,CIMBL122,,,RANDOM,TRANSCRIPTOMIC,RNA-Seq
SRR910844,DAN340_15DAP_RNA,SRX310825,TRUE,30088230,30088230,180,DAN340_15DAP_RNA,Maize DAN340 kernel RNA-seq,Zea mays Variation,DAN340,,,RANDOM,TRANSCRIPTOMIC,RNA-Seq
SRR910843,CIMBL121_15DAP_RNA,SRX310824,TRUE,37659761,37659761,180,CIMBL121_15DAP_RNA,Maize CIMBL121 kernel RNA-seq,Zea mays Variation,CIMBL121,,,RANDOM,TRANSCRIPTOMIC,RNA-Seq
SRR910819,DAN3130_15DAP_RNA,SRX310820,TRUE,34769804,34769804,180,DAN3130_15DAP_RNA,Maize DAN3130 kernel RNA-seq,Zea mays Variation,DAN3130,,,RANDOM,TRANSCRIPTOMIC,RNA-Seq
SRR910818,CIMBL120_15DAP_RNA,SRX310819,TRUE,38200136,38200136,180,CIMBL120_15DAP_RNA,Maize CIMBL120 kernel RNA-seq,Zea mays Variation,CIMBL120,,,RANDOM,TRANSCRIPTOMIC,RNA-Seq
SRR910817,D863F_15DAP_RNA,SRX310818,TRUE,45288459,45288459,180,D863F_15DAP_RNA,Maize D863F kernel RNA-seq,Zea mays Variation,D863F,,,RANDOM,TRANSCRIPTOMIC,RNA-Seq
SRR910816,CIMBL12_15DAP_RNA,SRX310817,TRUE,40712184,40712184,180,CIMBL12_15DAP_RNA,Maize CIMBL12 kernel RNA-seq,Zea mays Variation,CIMBL12,,,RANDOM,TRANSCRIPTOMIC,RNA-Seq
SRR910811,CML69_15DAP_RNA,SRX310814,TRUE,35665365,35665365,180,CML69_15DAP_RNA,Maize CML69 kernel RNA-seq,Zea mays Variation,CML69,,,RANDOM,TRANSCRIPTOMIC,RNA-Seq
SRR910810,CIMBL119_15DAP_RNA,SRX310813,TRUE,37289131,37289131,180,CIMBL119_15DAP_RNA,Maize CIMBL119 kernel RNA-seq,Zea mays Variation,CIMBL119,,,RANDOM,TRANSCRIPTOMIC,RNA-Seq
SRR910785,CIMBL116_15DAP_RNA,SRX310809,TRUE,43381539,43381539,180,CIMBL116_15DAP_RNA,Maize CIMBL116 kernel RNA-seq,Zea mays Variation,CIMBL116,,,RANDOM,TRANSCRIPTOMIC,RNA-Seq
SRR910786,CML50_15DAP_RNA,SRX310808,TRUE,41470692,41470692,180,CML50_15DAP_RNA,Maize CML50 kernel RNA-seq,Zea mays Variation,CML50,,,RANDOM,TRANSCRIPTOMIC,RNA-Seq
SRR910783,CML496_15DAP_RNA,SRX310807,TRUE,34043301,34043301,180,CML496_15DAP_RNA,Maize CML496 kernel RNA-seq,Zea mays Variation,CML496,,,RANDOM,TRANSCRIPTOMIC,RNA-Seq
SRR910784,CIMBL115_15DAP_RNA,SRX310806,TRUE,33167872,33167872,180,CIMBL115_15DAP_RNA,Maize CIMBL115 kernel RNA-seq,Zea mays Variation,CIMBL115,,,RANDOM,TRANSCRIPTOMIC,RNA-Seq
SRR910782,CML493_15DAP_RNA,SRX310805,TRUE,40478195,40478195,180,CML493_15DAP_RNA,Maize CML493 kernel RNA-seq,Zea mays Variation,CML493,,,RANDOM,TRANSCRIPTOMIC,RNA-Seq
SRR910758,CML486_15DAP_RNA,SRX310801,TRUE,41536090,41536090,180,CML486_15DAP_RNA,Maize CML486 kernel RNA-seq,Zea mays Variation,CML486,,,RANDOM,TRANSCRIPTOMIC,RNA-Seq
SRR910757,CML480_15DAP_RNA,SRX310800,TRUE,47377486,47377486,180,CML480_15DAP_RNA,Maize CML480 kernel RNA-seq,Zea mays Variation,CML480,,,RANDOM,TRANSCRIPTOMIC,RNA-Seq
SRR910756,CIMBL114_15DAP_RNA,SRX310799,TRUE,39252616,39252616,180,CIMBL114_15DAP_RNA,Maize CIMBL114 kernel RNA-seq,Zea mays Variation,CIMBL114,,,RANDOM,TRANSCRIPTOMIC,RNA-Seq
SRR910755,CML479_15DAP_RNA,SRX310793,TRUE,43130805,43130805,180,CML479_15DAP_RNA,Maize CML479 kernel RNA-seq,Zea mays Variation,CML479,,,RANDOM,TRANSCRIPTOMIC,RNA-Seq
SRR910734,CIMBL113_15DAP_RNA,SRX310792,TRUE,38618967,38618967,180,CIMBL113_15DAP_RNA,Maize CIMBL113 kernel RNA-seq,Zea mays Variation,CIMBL113,,,RANDOM,TRANSCRIPTOMIC,RNA-Seq
SRR910733,CML470_15DAP_RNA,SRX310791,TRUE,31394300,31394300,180,CML470_15DAP_RNA,Maize CML470 kernel RNA-seq,Zea mays Variation,CML470,,,RANDOM,TRANSCRIPTOMIC,RNA-Seq
SRR910732,CIMBL111_15DAP_RNA,SRX310790,TRUE,34653283,34653283,180,CIMBL111_15DAP_RNA,Maize CIMBL111 kernel RNA-seq,Zea mays Variation,CIMBL111,,,RANDOM,TRANSCRIPTOMIC,RNA-Seq
SRR910713,SAMN02204719,SRX310786,TRUE,35400513,35400513,180,CIMBL11_15DAP_RNA,Maize CIMBL11 kernel RNA-seq,Zea mays Variation,CIMBL11,,,RANDOM,TRANSCRIPTOMIC,RNA-Seq
SRR910648,CIMBL109_15DAP_RNA,SRX310773,TRUE,33597127,33597127,180,CIMBL109_15DAP_RNA,Maize CIMBL109 kernel RNA-seq,Zea mays Variation,CIMBL109,,,RANDOM,TRANSCRIPTOMIC,RNA-Seq
SRR910647,CIMBL108_15DAP_RNA,SRX310772,TRUE,35423253,35423253,180,CIMBL108_15DAP_RNA,Maize CIMBL108 kernel RNA-seq,Zea mays Variation,CIMBL108,,,RANDOM,TRANSCRIPTOMIC,RNA-Seq
SRR910646,CIMBL106_15DAP_RNA,SRX310771,TRUE,29617451,29617451,180,CIMBL106_15DAP_RNA,Maize CIMBL106 kernel RNA-seq,Zea mays Variation,CIMBL106,,,RANDOM,TRANSCRIPTOMIC,RNA-Seq
SRR910645,CIMBL105_15DAP_RNA,SRX310770,TRUE,34395370,34395370,180,CIMBL105_15DAP_RNA,Maize CIMBL105 kernel RNA-seq,Zea mays Variation,CIMBL105,,,RANDOM,TRANSCRIPTOMIC,RNA-Seq
SRR910586,CIMBL102_15DAP_RNA,SRX310760,TRUE,32800963,32800963,180,CIMBL102_15DAP_RNA,Maize CIMBL102 kernel RNA-seq,Zea mays Variation,CIMBL102,,,RANDOM,TRANSCRIPTOMIC,RNA-Seq
SRR910585,CIMBL101_15DAP_RNA,SRX310759,TRUE,28134799,28134799,180,CIMBL101_15DAP_RNA,Maize CIMBL101 kernel RNA-seq,Zea mays Variation,CIMBL101,,,RANDOM,TRANSCRIPTOMIC,RNA-Seq
SRR910584,CIMBL100_15DAP_RNA,SRX310758,TRUE,41501442,41501442,180,CIMBL100_15DAP_RNA,Maize CIMBL100 kernel RNA-seq,Zea mays Variation,CIMBL100,,,RANDOM,TRANSCRIPTOMIC,RNA-Seq
SRR910501,CIMBL10_15DAP_RNA,SRX310744,TRUE,41828827,41828827,180,CIMBL10_15DAP_RNA,Maize CIMBL10 kernel RNA-seq,Zea mays Variation,CIMBL10,,,RANDOM,TRANSCRIPTOMIC,RNA-Seq
SRR910500,CIMBL1_15DAP_RNA,SRX310743,TRUE,40890988,40890988,180,CIMBL1_15DAP_RNA,Maize CIMBL1 kernel RNA-seq,Zea mays Variation,CIMBL1,,,RANDOM,TRANSCRIPTOMIC,RNA-Seq
SRR910417,CI7_15DAP_RNA,SRX310730,TRUE,34285128,34285128,180,CI7_15DAP_RNA,Maize CI7 kernel RNA-seq,Zea mays Variation,CI7,,,RANDOM,TRANSCRIPTOMIC,RNA-Seq
SRR910414,CHUAN48-2_15DAP_RNA,SRX310729,TRUE,39323499,39323499,180,CHUAN48-2_15DAP_RNA,Maize CHUAN48-2 kernel RNA-seq,Zea mays Variation,CHUAN48-2,,,RANDOM,TRANSCRIPTOMIC,RNA-Seq
SRR910392,CHENG698_15DAP_RNA,SRX310723,TRUE,47265994,47265994,180,CHENG698_15DAP_RNA,Maize CHENG698 kernel RNA-seq,Zea mays Variation,CHENG698,,,RANDOM,TRANSCRIPTOMIC,RNA-Seq
SRR910390,CHANG3_15DAP_RNA,SRX310722,TRUE,42297485,42297485,180,CHANG3_15DAP_RNA,Maize CHANG3 kernel RNA-seq,Zea mays Variation,CHANG3,,,RANDOM,TRANSCRIPTOMIC,RNA-Seq
SRR910389,CA47_15DAP_RNA,SRX310721,TRUE,37811509,37811509,180,CA47_15DAP_RNA,Maize CA47 kernel RNA-seq,Zea mays Variation,CA47,,,RANDOM,TRANSCRIPTOMIC,RNA-Seq
SRR910387,BZN_15DAP_RNA,SRX310720,TRUE,35553368,35553368,180,BZN_15DAP_RNA,Maize BZN kernel RNA-seq,Zea mays Variation,BZN,,,RANDOM,TRANSCRIPTOMIC,RNA-Seq
SRR910357,BY855_15DAP_RNA,SRX310715,TRUE,43302987,43302987,180,BY855_15DAP_RNA,Maize BY855 kernel RNA-seq,Zea mays Variation,BY855,,,RANDOM,TRANSCRIPTOMIC,RNA-Seq
SRR910338,BY815_15DAP_RNA,SRX310712,TRUE,39365289,39365289,180,BY815_15DAP_RNA,Maize BY815 kernel RNA-seq,Zea mays Variation,BY815,,,RANDOM,TRANSCRIPTOMIC,RNA-Seq
SRR910336,BY813_15DAP_RNA,SRX310709,TRUE,48399853,48399853,180,BY813_15DAP_RNA,Maize BY813 kernel RNA-seq,Zea mays Variation,BY813,,,RANDOM,TRANSCRIPTOMIC,RNA-Seq
SRR910319,BY809_15DAP_RNA,SRX310708,TRUE,41399942,41399942,180,BY809_15DAP_RNA,Maize BY809 kernel RNA-seq,Zea mays Variation,BY809,,,RANDOM,TRANSCRIPTOMIC,RNA-Seq
SRR910318,BY807_15DAP_RNA,SRX310707,TRUE,37285701,37285701,180,BY807_15DAP_RNA,Maize BY807 kernel RNA-seq,Zea mays Variation,BY807,,,RANDOM,TRANSCRIPTOMIC,RNA-Seq
SRR910317,BY804_15DAP_RNA,SRX310701,TRUE,36706913,36706913,180,BY804_15DAP_RNA,Maize BY804 kernel RNA-seq,Zea mays Variation,BY804,,,RANDOM,TRANSCRIPTOMIC,RNA-Seq
SRR910296,BY4960_15DAP_RNA,SRX310700,TRUE,29246025,29246025,180,BY4960_15DAP_RNA,Maize BY4960 kernel RNA-seq,Zea mays Variation,BY4960,,,RANDOM,TRANSCRIPTOMIC,RNA-Seq
SRR910295,BY4944_15DAP_RNA,SRX310699,TRUE,32235146,32235146,180,BY4944_15DAP_RNA,Maize BY4944 kernel RNA-seq,Zea mays Variation,BY4944,,,RANDOM,TRANSCRIPTOMIC,RNA-Seq
SRR910294,BY4839_15DAP_RNA,SRX310698,TRUE,30648547,30648547,180,BY4839_15DAP_RNA,Maize BY4839 kernel RNA-seq,Zea mays Variation,BY4839,,,RANDOM,TRANSCRIPTOMIC,RNA-Seq
SRR910293,BS16_15DAP_RNA,SRX310696,TRUE,31559857,31559857,180,BS16_15DAP_RNA,Maize BS16 kernel RNA-seq,Zea mays Variation,BS16,,,RANDOM,TRANSCRIPTOMIC,RNA-Seq
SRR910233,B77_15DAP_RNA,SRX310695,TRUE,47076602,47076602,180,B77_15DAP_RNA,Maize B77 kernel RNA-seq,Zea mays Variation,B77,,,RANDOM,TRANSCRIPTOMIC,RNA-Seq
SRR910231,B73_15DAP_RNA,SRX310685,TRUE,38988102,38988102,180,B73_15DAP_RNA,Maize B73 kernel RNA-seq,Zea mays Variation,B73,,,RANDOM,TRANSCRIPTOMIC,RNA-Seq
SRR910230,B151_15DAP_RNA,SRX310683,TRUE,25721481,25721481,180,B151_15DAP_RNA,Maize B151 kernel RNA-seq,Zea mays Variation,B151,,,RANDOM,TRANSCRIPTOMIC,RNA-Seq
SRR910229,B114_15DAP_RNA,SRX310680,TRUE,36257736,36257736,180,B114_15DAP_RNA,Maize B114 kernel RNA-seq,Zea mays Variation,B114,,,RANDOM,TRANSCRIPTOMIC,RNA-Seq
SRR910228,B113_15DAP_RNA,SRX310674,TRUE,41851571,41851571,180,B113_15DAP_RNA,Maize B113 kernel RNA-seq,Zea mays Variation,B113,,,RANDOM,TRANSCRIPTOMIC,RNA-Seq
SRR910204,B111_15DAP_RNA,SRX310672,TRUE,43651344,43651344,180,B111_15DAP_RNA,Maize B111 kernel RNA-seq,Zea mays Variation,B111,,,RANDOM,TRANSCRIPTOMIC,RNA-Seq
SRR910203,B110_15DAP_RNA,SRX310670,TRUE,28390783,28390783,180,B110_15DAP_RNA,Maize B110 kernel RNA-seq,Zea mays Variation,B110,,,RANDOM,TRANSCRIPTOMIC,RNA-Seq
SRR910202,B11_15DAP_RNA,SRX310668,TRUE,37808007,37808007,180,B11_15DAP_RNA,Maize B11 kernel RNA-seq,Zea mays Variation,B11,,,RANDOM,TRANSCRIPTOMIC,RNA-Seq
SRR910181,975-12_15DAP_RNA,SRX310661,TRUE,43103114,43103114,180,975-12_15DAP_RNA,Maize 975-12 kernel RNA-seq,Zea mays Variation,975-12,,,RANDOM,TRANSCRIPTOMIC,RNA-Seq
SRR910180,835B_15DAP_RNA,SRX310660,TRUE,29716593,29716593,180,835B_15DAP_RNA,Maize 835B kernel RNA-seq,Zea mays Variation,835B,,,RANDOM,TRANSCRIPTOMIC,RNA-Seq
SRR910179,835A_15DAP_RNA,SRX310658,TRUE,42662037,42662037,180,835A_15DAP_RNA,Maize 835A kernel RNA-seq,Zea mays Variation,835A,,,RANDOM,TRANSCRIPTOMIC,RNA-Seq
SRR910178,7884-4HT_15DAP_RNA,SRX310657,TRUE,30660474,30660474,180,7884-4HT_15DAP_RNA,Maize 7884-4HT kernel RNA-seq,Zea mays Variation,7884-4HT,,,RANDOM,TRANSCRIPTOMIC,RNA-Seq
SRR910177,4F1_15DAP_RNA,SRX310656,TRUE,30033304,30033304,180,4F1_15DAP_RNA,Maize 4F1 kernel RNA-seq,Zea mays Variation,4F1,,,RANDOM,TRANSCRIPTOMIC,RNA-Seq
SRR910118,303WX_15DAP_RNA,SRX310645,TRUE,38704719,38704719,180,303WX_15DAP_RNA,Maize 303WX kernel RNA-seq,Zea mays Variation,303WX,,,RANDOM,TRANSCRIPTOMIC,RNA-Seq
SRR910117,18-599_15DAP_RNA,SRX310644,TRUE,38749429,38749429,180,18-599_15DAP_RNA,Maize 18-599 kernel RNA-seq,Zea mays Variation,18-599,,,RANDOM,TRANSCRIPTOMIC,RNA-Seq
SRR910116,07KS4_15DAP_RNA,SRX310643,TRUE,31467262,31467262,180,07KS4_15DAP_RNA,Maize 07KS4 kernel RNA-seq,Zea mays Variation,07KS4,,,RANDOM,TRANSCRIPTOMIC,RNA-Seq
SRR910111,05WN230_15DAP_RNA,SRX310640,TRUE,44403166,44403166,180,05WN230_15DAP_RNA,Maize 05WN230 kernel RNA-seq,Zea mays Variation,05WN230,,,RANDOM,TRANSCRIPTOMIC,RNA-Seq
SRR910110,05W002_15DAP_RNA,SRX310639,TRUE,39554951,39554951,180,05W002_15DAP_RNA,Maize 05W002 kernel RNA-seq,Zea mays Variation,05W002,,,RANDOM,TRANSCRIPTOMIC,RNA-Seq
SRR910049,526018_15DAP_RNA,SRX310629,TRUE,32608739,32608739,180,526018_15DAP_RNA,Maize 526018 kernel RNA-seq,Zea mays Variation,526018,,,RANDOM,TRANSCRIPTOMIC,RNA-Seq
SRR910048,81162_15DAP_RNA,SRX310628,TRUE,35772100,35772100,180,81162_15DAP_RNA,Maize 81162 kernel RNA-seq,Zea mays Variation,81162,,,RANDOM,TRANSCRIPTOMIC,RNA-Seq
SRR910047,9642_15DAP_RNA,SRX310627,TRUE,33080184,33080184,180,9642_15DAP_RNA,Maize 9642 kernel RNA-seq,Zea mays Variation,9642,,,RANDOM,TRANSCRIPTOMIC,RNA-Seq
SRR910046,8902_15DAP_RNA,SRX310626,TRUE,35656557,35656557,180,8902_15DAP_RNA,Maize 8902 kernel RNA-seq,Zea mays Variation,8902,,,RANDOM,TRANSCRIPTOMIC,RNA-Seq
SRR910045,7381_15DAP_RNA,SRX310625,TRUE,40081141,40081141,180,7381_15DAP_RNA,Maize 7381 kernel RNA-seq,Zea mays Variation,7381,,,RANDOM,TRANSCRIPTOMIC,RNA-Seq
SRR910026,7327_15DAP_RNA,SRX310621,TRUE,44458072,44458072,180,7327_15DAP_RNA,Maize 7327 kernel RNA-seq,Zea mays Variation,7327,,,RANDOM,TRANSCRIPTOMIC,RNA-Seq
SRR910025,5237_15DAP_RNA,SRX310620,TRUE,32047213,32047213,180,5237_15DAP_RNA,Maize 5237 kernel RNA-seq,Zea mays Variation,5237,,,RANDOM,TRANSCRIPTOMIC,RNA-Seq
SRR910001,5213_15DAP_RNA,SRX310616,TRUE,33564518,33564518,180,5213_15DAP_RNA,Maize 5213 kernel RNA-seq,Zea mays Variation,5213,,,RANDOM,TRANSCRIPTOMIC,RNA-Seq
SRR910000,4019_15DAP_RNA,SRX310615,TRUE,40160704,40160704,180,4019_15DAP_RNA,Maize 4019 kernel RNA-seq,Zea mays Variation,4019,,,RANDOM,TRANSCRIPTOMIC,RNA-Seq
SRR909999,1462_15DAP_RNA,SRX310614,TRUE,31746471,31746471,180,1462_15DAP_RNA,Maize 1462 kernel RNA-seq,Zea mays Variation,1462,,,RANDOM,TRANSCRIPTOMIC,RNA-Seq
SRR909972,647_15DAP_RNA,SRX310609,TRUE,32380188,32380188,180,647_15DAP_RNA,Maize 647 kernel RNA-seq,Zea mays Variation,647,,,RANDOM,TRANSCRIPTOMIC,RNA-Seq
SRR909971,268_15DAP_RNA,SRX310608,TRUE,36978947,36978947,180,268_15DAP_RNA,Maize 268 kernel RNA-seq,Zea mays Variation,268,,,RANDOM,TRANSCRIPTOMIC,RNA-Seq
SRR909970,238_15DAP_RNA,SRX310607,TRUE,44501557,44501557,180,238_15DAP_RNA,Maize 238 kernel RNA-seq,Zea mays Variation,238,,,RANDOM,TRANSCRIPTOMIC,RNA-Seq
SRR908215,177_15DAP_RNA,SRX310158,TRUE,37033943,37033943,180,177_15DAP_RNA,Maize 177 kernel RNA-seq,Zea mays Variation,177,,,RANDOM,TRANSCRIPTOMIC,RNA-Seq
SRR908214,150_15DAP_RNA,SRX310156,TRUE,35577178,35577178,180,150_15DAP_RNA,Maize 150 kernel RNA-seq,Zea mays Variation,150,,,RANDOM,TRANSCRIPTOMIC,RNA-Seq
